Ticker,Aerospace and Defense,Airlines,Aluminum Steel,Apparel and Textiles,Automobiles and Components,Banks,Beverages Tobacco,Biotechnology Life Sciences,Building Products,Carbon Efficiency,Chemicals,Construction and Engineering,Construction and Farm Machinery,Construction Materials Paper and Forest Product,Communications Equipment,Computers Electronics,Commercial and Professional Services,Industrial Conglomerates,Containers and Packaging,Country,Distributors Multiline Retail,Diversified Financials,Dividend Yield,Earnings Quality,Earnings Variability,Earnings Yield,Electrical Equipment,Electric Utilities,Energy Equipment & Services,ESG,Food Products,Food and Staples Retailing,Gas Utilities,Growth,Health Care Equipment and Technology,Health Care Providers (non-HMO),Homebuilding,Household Durables (non-Homebuilding),Industrial Machinery,Insurance Brokers and Reinsurance,Internet Software and IT Services,Investment Quality,Leisure Products Textiles Apparel and Luxury,Hotels Leisure and Consumer Services,Leverage,Life Health and Multi-line Insurance,Liquidity,Long-Term Reversal,Media,Managed Health Care,Mid Capitalization,Momentum,Multi-Utilities Water Utilities Power,Oil Gas and Consumable Fuels,Oil and Gas Exploration and Production,Pharmaceuticals,Precious Metals Gold Mining,Profitability,Household and Personal Products,Real Estate,Restaurants,Residual Volatility,Real Estate Management,Road and Rail,Semiconductors,Semiconductor Equipment,Short Interest,Size,Software,Specialty Retail,Specialty Chemicals,Specialty Stores,Telecommunication Services,Trading Companies and Distributors,Transportation Air Freight and Marine,Value
EBAY,,,,,,,,,,0.092,,,,,,,,,,1,0.666,,0.283,-0.065,0.087,0.664,,,,0.286,,,,-0.523,,,,,,,,1.189,,,0.351,,1.047,0.943,,,0.701,-0.021,,,,,,0.339,,,,-0.065,,,,,1.069,-0.917,,,,,,,,-0.084
CBRE,,,,,,,,,,-2.32,,,,,,,,,,1,,,-0.699,-0.622,-0.445,0.341,,,,0.9,,,,-0.047,,,,,,,,0.408,,,-0.231,,0.048,0.954,,,0.598,0.597,,,,,,-0.333,,,,0.076,0.85,,,,0.02,-0.71,,,,,,,,0.088
DPZ,,,,,,,,,,-0.02,,,,,,,,,,1,,,0.085,-0.013,-0.744,-0.059,,,,-0.942,,,,-0.431,,,,,,,,0.557,,,1.959,,1.754,0.388,,,0.818,-0.54,,,,,,2.067,,,0.715,-0.165,,,,,1.36,-1.346,,,,,,,,-1.189
AMP,,,,,,,,,,-0.267,,,,,,,,,,1,,0.69,-0.072,-0.381,-0.377,0.384,,,,0.191,,,,-0.238,,,,,,0.492,,0.743,,,0.014,,-0.034,-0.035,,,0.505,0.595,,,,,,-1.259,,,,-0.783,,,,,0.745,-0.551,,,,,,,,-0.259
CE,,,,,,,,,,-0.242,,,,,,,,,,1,,,0.504,1.084,0.154,1.701,,,,-0.234,,,,0.027,,,,,,,,-0.599,,,1.691,,1.073,-0.401,,,0.737,-2.975,,,,,,-1.332,,,,1.027,,,,,-0.102,-1.818,,,1.119,,,,,2.016
EXR,,,,,,,,,,0.569,,,,,,,,,,1,,,1.577,0.395,-0.434,-0.031,,,,-1.084,,,,-0.369,,,,,,,,-1.754,,,0.171,,-0.31,1.315,,,0.667,-0.395,,,,,,-0.698,,1.046,,0.046,,,,,0.16,-0.841,,,,,,,,0.463
DLR,,,,,,,,,,-0.835,,,,,,,,,,1,,,0.786,0.509,-0.272,-0.67,,,,0.9,,,,-0.88,,,,,,,,-0.799,,,0.142,,0.162,0.335,,,0.441,0.365,,,,,,-1.187,,1.11,,-0.165,,,,,0.567,-0.453,,,,,,,,0.274
BLDR,,,,,,,,,1.505,-1.075,,,,,,,,,,1,,,-0.699,1.05,0.892,0.47,,,,-0.328,,,,-0.106,,,,,,,,-1.228,,,0.126,,1.101,-1.522,,,0.795,-0.087,,,,,,0.937,,,,0.1,,,,,0.552,-1.199,,,,,,,,0.118
GOOGL,,,,,,,,,,0.418,,,,,,,,,,1,,,-0.43,-0.645,-0.136,0.154,,,,-0.895,,,,0.159,,,,,,,1.23,0.263,,,-0.962,,-1.536,-0.243,,,-0.421,-0.18,,,,,,0.443,,,,0.033,,,,,-0.649,0.823,,,,,,,,-0.187
GOOG,,,,,,,,,,0.418,,,,,,,,,,1,,,-0.423,-0.645,-0.127,0.148,,,,-0.895,,,,0.153,,,,,,,1.247,0.263,,,-0.962,,-2.067,-0.262,,,-0.421,-0.176,,,,,,0.443,,,,0.015,,,,,-0.812,0.823,,,,,,,,-0.187
CF,,,,,,,,,,-1.109,1.051,,,,,,,,,1,,,0.602,1.088,1.42,0.618,,,,-0.517,,,,-0.754,,,,,,,,0.525,,,-0.266,,1.077,-0.314,,,0.818,-0.322,,,,,,-0.626,,,,0.527,,,,,0.767,-1.356,,,,,,,,0.352
KDP,,,,,,,0.72,,,0.103,,,,,,,,,,1,,,0.928,-0.917,-0.624,0.291,,,,0.427,0.111,,,-0.526,,,,,,,,0.449,,,-0.067,,0.647,0.462,,,0.565,-0.904,,,,,,-0.96,,,,-0.012,,,,,-0.217,-0.652,,,,,,,,0.883
CRM,,,,,,,,,,0.379,,,,,,,,,,1,,,-0.418,-0.003,0.311,-0.251,,,,0.9,,,,-0.037,,,,,,,,-0.317,,,-0.764,,0.186,0.531,,,-0.328,0.5,,,,,,-0.079,,,,0.126,,,,,-0.163,0.65,0.951,,,,,,,-0.122
LULU,,,,,,,,,,0.162,,,,,,,,,,1,,,-0.699,0.442,0.136,-0.08,,,,0.38,,,,-0.048,,,,,,,,-0.517,0.974,,-0.629,,1.564,-0.406,,,0.541,-0.944,,,,,,1.924,,,,1.229,,,,,0.935,-0.611,,,,,,,,-0.348
DXCM,,,,,,,,,,-0.335,,,,,,,,,,1,,,-0.699,-0.293,0.023,-0.288,,,,0.144,,,,0.232,1.374,,,,,,,-0.428,,,0.241,,0.744,0.439,,,0.695,-1.643,,,,,,0.251,,,,1.986,,,,,-0.304,-0.901,,,,,,,,-0.401
WBD,,,,,,,,,,-0.613,,,,,,,,,,1,,,-0.699,2.826,1.892,-1.657,,,,-0.376,,,,0.406,,,,,,,,-3.019,,,1.302,,0.981,1.519,1.581,,0.735,-0.503,,,,,,-0.656,,,,1.266,,,,,1.085,-0.999,,,,,,,,3.179
MKTX,,,,,,,,,,1.122,,,,,,,,,,1,,0.77,0.007,0.09,-0.701,-0.136,,,,0.711,,,,-0.375,,,,,,,,-0.075,,,-0.997,,0.98,1.529,,,0.78,-0.344,,,,,,0.214,,,,0.558,,,,,-0.048,-1.705,,,,,,,,-0.181
LVS,,,,,,,,,,0.568,,,,,,,,,,1,,,0.258,1.107,1.755,0.118,,,,-0.801,,,,-0.571,,,,,,,,0.685,,1.081,1.339,,0.502,0.304,,,0.614,-0.513,,,,,,-0.519,,,,0.48,,,,,1.939,-0.739,,,,,,,,-0.32
MPWR,,,,,,,,,,0.078,,,,,,,,,,1,,,-0.197,0.063,0.24,-0.329,,,,-0.564,,,,0.508,,,,,,,,-0.505,,,-1.11,,1.184,-0.342,,,0.713,-1.421,,,,,,0.136,,,,0.509,,,1.159,,-0.012,-0.944,,,,,,,,-0.375
LYV,,,,,,,,,,-1.135,,,,,,,,,,1,,,-0.699,-0.022,2.035,-0.437,,,,-0.564,,,,1.539,,,,,,,,-0.451,,,1.148,,0.982,0.588,0.69,,0.695,0.637,,,,,,-0.143,,,,-0.63,,,,,1.61,-0.902,,,,,,,,-0.434
ULTA,,,,,,,,,,0.507,,,,,,,,,,1,,,-0.699,-0.154,0.082,0.334,,,,0.853,,,,-0.418,,,,,,,,0.505,,,-0.151,,1.918,-0.085,,,0.799,-1.391,,,,,,1.879,,,,0.517,,,,,-0.207,-1.218,,,,0.841,,,,-0.175
CMG,,,,,,,,,,1.217,,,,,,,,,,1,,,-0.699,0.125,-0.162,-0.399,,,,-0.47,,,,0.267,,,,,,,,-0.038,,,0.15,,0.761,-0.276,,,0.278,-0.064,,,,,,0.211,,,1.003,0.292,,,,,-0.076,-0.218,,,,,,,,-0.463
BR,,,,,,,,,,1.396,,,,,,,0.667,,,1,,,0.184,0.214,-0.77,-0.131,,,,1.655,,,,-0.316,,,,,,,,0.167,,,0.539,,-0.065,-0.014,,,0.727,-0.085,,,,,,-0.502,,,,-0.823,,,,,-0.086,-0.978,,,,,,,,-0.34
AWK,,,,,,,,,,1.976,,,,,,,,,,1,,,0.662,0.075,-0.842,0.04,,,,-0.234,,,,-0.634,,,,,,,,-0.027,,,0.598,,0.32,0.858,,,0.746,-0.685,0.996,,,,,-0.402,,,,0.09,,,,,0.671,-1.028,,,,,,,,0.491
NVDA,,,,,,,,,,0.44,,,,,,,,,,1,,,-0.682,-2.049,1.481,-0.286,,,,1.655,,,,1.599,,,,,,,,-0.756,,,-0.905,,1.001,-1.177,,,-0.421,1.672,,,,,,1.938,,,,0.49,,,1.015,,-0.992,0.823,,,,,,,,-0.535
BKNG,,,,,,,,,,-0.004,,,,,,,,,,1,,,-0.308,1.55,0.561,-0.088,,,,0.238,,,,0.238,,,,,,,,0.688,,0.991,1.314,,0.552,0.008,,,-0.045,0.803,,,,,,1.961,,,,-0.176,,,,,-0.217,0.224,,,,,,,,-0.622
GS,,,,,,,,,,0.568,,,,,,,,,,1,,1.093,0.478,-0.6,0.127,0.559,,,,0.05,,,,0.156,,,,,,,,0.503,,,2.136,,0.529,0.626,,,-0.071,0.579,,,,,,-0.747,,,,-0.62,,,,,0.151,0.26,,,,,,,,1.021
FFIV,,,,,,,,,,-0.048,,,,,0.575,,,,,1,,,-0.699,-0.227,-0.694,0.176,,,,0.9,,,,-0.474,,,,,,,,0.603,,,-0.864,,0.965,0.692,,,0.82,0.33,,,,,,0.398,,,,-0.975,,,,,0.226,-1.376,,,,,,,,-0.023
SBAC,,,,,,,,,,0.941,,,,,,,,,,1,,,0.383,0.638,-0.095,0.309,,,,0.758,,,,0.092,,,,,,,,0.321,,,2.216,,0.745,1.022,,,0.765,-0.79,,,,,,-0.459,,1.032,,0.516,,,,,0.827,-1.086,,,,,,,,-1.128
JNPR,,,,,,,,,,-1.3,,,,,0.695,,,,,1,,,0.696,-0.145,-0.4,0.059,,,,0.853,,,,-0.392,,,,,,,,0.436,,,-0.414,,1.54,0.49,,,0.819,-0.523,,,,,,-0.286,,,,-0.237,,,,,-0.232,-1.503,,,,,,,,0.457
LII,,,,,,,,,0.907,-0.158,,,,,,,,,,1,,,-0.286,0.152,-0.569,-0.102,,,,1.183,,,,-0.226,,,,,,,,0.06,,,0.314,,0.406,-0.447,,,0.768,0.424,,,,,,1.023,,,,-0.619,,,,,1.506,-1.096,,,,,,,,-0.465
DVN,,,,,,,,,,-0.495,,,,,,,,,,1,,,1.815,2.57,1.622,1.883,,,,-0.234,,,,-0.245,,,,,,,,-1.725,,,0.049,,1.296,-0.838,,,0.77,-1.532,,,1.021,,,-0.374,,,,0.214,,,,,-0.279,-1.102,,,,,,,,1.105
BLK,,,,,,,,,,0.416,,,,,,,,,,1,,1.006,0.469,-0.128,-0.621,0.035,,,,-0.328,,,,-0.347,,,,,,,,0.828,,,-0.432,,-0.377,0.735,,,-0.017,0.313,,,,,,-0.694,,,,-0.524,,,,,-0.139,0.185,,,,,,,,0.087
PKG,,,,,,,,,,-0.265,,,,0.088,,,,,0.848,1,,,0.485,0.475,-0.517,0.059,,,,-1.556,,,,-0.212,,,,,,,,0.346,,,-0.22,,0.569,0.081,,,0.782,0.547,,,,,,-0.569,,,,-0.698,,,,,-0.008,-1.144,,,,,,,,-0.012
AKAM,,,,,,,,,,-0.196,,,,,,,,,,1,,,-0.699,0.521,-0.727,0.322,,,,0.9,,,,-0.379,,,,,,,0.608,0.335,,,0.024,,1.285,-0.278,,,0.82,-1.269,,,,,,-0.28,,,,-0.291,,,,,0.771,-1.382,,,,,,,,0.288
EXPE,,,,,,,,,,-1.062,,,,,,,,,,1,,,-0.699,0.531,1.485,0.49,,,,-1.415,,,,0.15,,,,,,,0.012,0.582,,1.224,1.018,,1.408,0.872,,,0.758,0.72,,,,,,0.804,,,,-0.498,,,,,0.482,-1.064,,,,,,,,-0.353
UPS,,,,,,,,,,0.269,,,,,,,0.172,,,1,,,2.163,0.625,-0.109,0.414,,,,-1.037,,,,-0.415,,,,,,,,0.375,,,0.441,,-0.013,0.784,,,0.169,-0.994,,,,,,1.901,,,,0.362,,,,,-0.026,-0.068,,,,,,,0.839,-0.048
A,,,,,,,,0.653,,0.098,,,,,,,,,,1,,,-0.3,-0.119,-0.608,-0.055,,,,0.805,,,,-0.406,,,,,,,,0.255,,,-0.446,,0.151,0.771,,,0.605,-0.942,,,,,,-0.204,,,,-0.054,,,,,0.017,-0.723,,,,,,,,-0.195
TDY,0.069,,,,,,,,,-1.639,,,,,,0.416,,,,1,,,-0.699,-0.304,-0.494,0.076,,,,-0.139,,,,-0.298,,,,,,,,-1.293,,,-0.599,,0.179,0.588,,,0.777,-0.209,,,,,,-1.007,,,,-0.855,,,,,-0.063,-1.127,,,,,,,,0.584
MA,,,,,,,,,,1.385,,,,,,,,,,1,,0.879,-0.393,-0.287,-0.465,-0.221,,,,0.9,,,,-0.045,,,,,,,,0.322,,,0.743,,-0.844,0.174,,,-0.421,-0.098,,,,,,1.346,,,,-0.417,,,,,-0.629,0.823,,,,,,,,-0.541
ICE,,,,,,,,,,0.493,,,,,,,0.043,,,1,,0.693,-0.016,-0.427,-0.486,-0.073,,,,0.616,,,,-0.401,,,,,,,,-0.013,,,-0.029,,0.177,0.402,,,0.264,-0.171,,,,,,-0.968,,,,-0.389,,,,,-0.297,-0.199,,,,,,,,0.217
DFS,,,,,,,,,,-0.015,,,,,,,,,,1,,1.388,0.203,-0.638,0.142,0.51,,,,0.853,,,,-0.323,,,,,,,,0.645,,,0.38,,0.098,0.854,,,0.577,0.763,,,,,,-1.554,,,,-0.111,,,,,-0.523,-0.671,,,,,,,,0.373
FSLR,,,,,,,,,,-1.065,,,,,,,,,,1,,,-0.699,-0.476,1.098,0.837,,,,0.758,,,,0.991,,,,,,,,-0.151,,,-0.906,,1.963,-0.361,,,0.779,-1.109,,,,,,-0.964,,,,2.335,,,0.485,,1.33,-1.134,,,,,,,,0.357
FTNT,,,,,,,,,,0.726,,,,,,,,,,1,,,-0.699,1.447,0.132,-0.314,,,,-0.47,,,,0.235,,,,,,,,-0.093,,,-0.013,,0.34,-0.204,,,0.357,0.63,,,,,,1.33,,,,0.526,,,,,-0.066,-0.33,0.854,,,,,,,-0.546
EW,,,,,,,,,,-0.595,,,,,,,,,,1,,,-0.699,-0.313,0.436,0.341,,,,1.655,,,,-1.317,1.083,,,,,,,-0.841,,,-0.996,,0.544,0.896,,,0.584,-1.14,,,,,,0.545,,,,0.632,,,,,-0.218,-0.684,,,,,,,,0.022
MET,,,,,,,,,,-0.326,,,,,,,,,,1,,0.472,0.807,-0.487,-0.389,0.954,,,,0.758,,,,-0.404,,,,,,,,1.229,,,0.114,0.525,-0.031,0.275,,,0.477,-0.137,,,,,,-1.944,,,,-0.743,,,,,0.271,-0.509,,,,,,,,1.279
ON,,,,,,,,,,-1.383,,,,,,0.019,,,,1,,,-0.699,-0.553,0.301,0.435,,,,0.097,,,,-0.078,,,,,,,,-0.49,,,-0.523,,1.232,-1.031,,,0.72,-1.365,,,,,,-0.246,,,,-0.06,,,1.016,,0.806,-0.962,,,,,,,,0.224
NRG,,,,,,,,,,-0.998,,,,,,,,,,1,,,0.292,-0.259,0.952,0.467,,0.648,,-1.367,,,,-0.071,,,,,,,,-0.458,,,1.532,,1.37,-0.13,,,0.8,0.879,,,,,,-0.838,,,,0.354,,,,,0.647,-1.222,,0.141,,,,,,-0.088
ISRG,,,,,,,,,,-0.187,,,,,,,,,,1,,,-0.699,-0.961,-0.594,-0.501,,,,-0.092,,,,-0.006,0.948,,,,,,,-0.226,,,-1.193,,-0.498,0.528,,,-0.091,0.447,,,,,,-0.051,,,,-0.133,,,,,-0.029,0.287,,,,,,,,-0.374
CRL,,,,,,,,0.69,,-0.183,,,,,,,0.008,,,1,,,-0.699,0.279,-0.517,0.147,,,,0.238,,,,-0.552,,,,,,,,-0.41,,,-0.006,,1.21,0.813,,,0.799,-1.203,,,,,,-0.878,,,,-0.657,,,,,1.215,-1.635,,,,,,,,0.426
EQIX,,,,,,,,,,-0.403,,,,,,,,,,1,,,0.36,-0.145,-0.53,-0.632,,,,0.9,,,,-0.176,,,,,,,,-0.043,,,0.349,,0.08,0.188,,,0.255,-0.159,,,,,,-1.013,,1.0,,-0.207,,,,,-0.153,-0.186,,,,,,,,-0.199
TPR,,,,,,,,,,-0.981,,,,,,,,,,1,,,0.605,0.027,0.168,0.504,,,,0.286,,,,-0.197,,,,,,,,0.612,1.037,,1.565,,1.492,1.098,,,0.821,0.428,,,,,,0.064,,,,0.216,,,,,-0.193,-1.406,,,,,,,,0.021
BX,,,,,,,,,,0.331,,,,,,,,,,1,,1.277,0.59,-0.201,0.13,-0.28,,,,-1.509,,,,0.252,,,,,,,,-0.34,,,0.188,,-0.524,0.25,,,0.068,0.889,,,,,,-0.877,,,,-0.267,,,,,1.102,0.068,,,,,,,,-0.442
GRMN,,,,,,,,,,0.588,,,,,,,,,,1,,,0.113,-0.164,-0.672,-0.087,,,,-0.234,,,,-0.233,,,,0.551,,,,0.131,,,-1.131,,-0.115,0.462,,,0.594,0.623,,,,,,0.087,,,,-0.009,,,,,-0.174,-0.702,,,,,,,,-0.106
GPN,,,,,,,,,,0.466,,,,,,,,,,1,,0.911,-0.208,0.605,0.021,0.836,,,,-0.564,,,,-0.082,,,,,,,,0.516,,,0.213,,0.788,0.778,,,0.709,-0.54,,,,,,-0.663,,,,-0.227,,,,,0.402,-0.935,,,,,,,,1.451
ALGN,,,,,,,,,,-0.492,,,,,,,,,,1,,,-0.699,-0.613,-0.012,-0.062,,,,-0.092,,,,-0.35,1.074,,,,,,,-0.066,,,-1.073,,0.814,1.287,,,0.808,-1.437,,,,,,0.857,,,,0.086,,,,,0.17,-1.267,,,,,,,,0.023
AXON,0.552,,,,,,,,,2.022,,,,,,,,,,1,,,-0.699,-1.121,0.655,-0.598,,,,0.805,,,,0.67,,,,,,,,-1.421,,,-0.599,,0.615,-0.077,,,0.539,1.944,,,,,,-0.339,,,,0.864,,,,,0.556,-0.608,,,,,,,,-0.473
WTW,,,,,,,,,,-0.019,,,,,,,,,,1,,,-0.046,-0.548,-0.172,-0.229,,,,0.38,,,,-0.43,,,,,,0.677,,1.423,,,-0.019,,0.313,0.256,,,0.695,0.067,,,,,,0.137,,,,-0.277,,,,,0.272,-0.902,,,,,,,,0.08
FIS,,,,,,,,,,0.154,,,,,,,,,,1,,0.915,0.333,0.506,0.401,0.382,,,,0.38,,,,-0.68,,,,,,,,0.847,,,-0.104,,0.46,1.736,,,0.564,0.134,,,,,,-1.112,,,,-0.164,,,,,0.123,-0.649,,,,,,,,0.397
ACN,,,,,,,,,,-0.206,,,,,,,,,,1,,,0.265,-0.694,-0.67,-0.116,,,,0.569,,,,-0.358,,,,,,,0.699,0.144,,,-0.809,,-0.435,0.101,,,-0.2,-0.359,,,,,,0.234,,,,-0.003,,,,,0.137,0.446,,,,,,,,-0.242
ZBH,,,,,,,,,,-0.436,,,,,,,,,,1,,,-0.189,0.369,-0.304,0.531,,,,0.427,,,,-0.708,0.839,,,,,,,0.639,,,-0.308,,0.72,0.793,,,0.78,-0.907,,,,,,-0.314,,,,-0.106,,,,,0.455,-1.138,,,,,,,,0.937
BG,,,,,,,,,,-2.525,0.336,,,,,,,,,1,,,1.121,0.316,0.409,1.214,,,,1.655,0.34,,,-0.765,,,,,,,,-0.096,,,0.056,,1.253,-0.591,,,0.816,-1.239,,,,,,-0.118,,,,0.024,,,,,0.509,-1.53,,,,,,,,1.979
PFG,,,,,,,,,,-0.438,,,,,,,,,,1,,0.445,1.336,-0.53,-0.007,0.306,,,,0.191,,,,-0.429,,,,,,,,0.827,,,-0.214,0.45,-0.016,0.181,,,0.803,-0.513,,,,,,-2.169,,,,-1.033,,,,,0.211,-1.24,,,,,,,,1.394
ELV,,,,,,,,,,-0.515,,,,,,,,,,1,,,0.275,-0.726,-0.359,0.739,,,,1.325,,0.02,,-0.232,,,,,,,,0.262,,,-0.092,,0.293,-0.35,,0.932,0.267,-1.647,,,,,,2.255,,,,0.366,,,,,0.357,-0.203,,,,,,,,0.971
CNC,,,,,,,,,,-1.013,,,,,,,,,,1,,,-0.699,0.131,-0.123,1.384,,,,0.853,,,,-0.323,,,,,,0.083,,-0.394,,,0.267,,0.776,-0.047,,0.969,0.717,-1.595,,,,,,-0.188,,,,0.958,,,,,0.285,-0.953,,,,,,,,2.175
PRU,,,,,,,,,,-0.787,,,,,,,,,,1,,0.476,1.733,-0.634,0.35,1.22,,,,1.23,,,,-0.721,,,,,,,,1.147,,,0.152,0.513,-0.225,0.277,,,0.585,-0.217,,,,,,-2.026,,,,-0.886,,,,,0.119,-0.686,,,,,,,,2.03
NFLX,,,,,,,,,,-0.308,,,,,,,,,,1,,,-0.699,2.773,0.356,-0.256,,,,-1.179,,,,0.333,,,,,,,,0.14,,,-0.191,,0.618,0.24,0.988,,-0.385,0.864,,,,,,1.073,,,,0.405,,,,,-0.551,0.752,,,,,,,,-0.424
NDAQ,,,,,,,,,,0.333,,,,,,,,,,1,,0.701,0.017,-0.354,-0.688,-0.149,,,,0.805,,,,-0.455,,,,,,,,-0.524,,,0.084,,0.005,0.59,,,0.559,0.275,,,,,,-0.946,,,,-0.582,,,,,-0.275,-0.641,,,,,,,,0.061
WYNN,,,,,,,,,,0.365,,,,,,,,,,1,,,-0.091,0.861,1.949,0.499,,,,-1.273,,,,-0.717,,,,,,,,0.721,,1.117,2.612,,2.024,0.268,,,0.804,-0.824,,,,,,-0.822,,,,0.582,,,,,0.441,-1.613,,,,,,,,-0.541
CME,,,,,,,,,,0.518,,,,,,,,,,1,,0.656,1.757,-0.65,-0.365,0.028,,,,-0.753,,,,-0.432,,,,,,,,0.393,,,-0.563,,0.258,-0.023,,,0.283,-0.222,,,,,,-1.838,,,,0.157,,,,,-0.26,-0.226,,,,,,,,0.274
STX,,,,,,,,,,-1.923,,,,,,1.162,,,,1,,,0.937,0.298,1.022,0.489,,,,0.569,,,,-0.728,,,,,,,,1.347,,,1.698,,1.0,-0.04,,,0.788,-0.27,,,,,,-0.462,,,,-0.459,,,,,0.688,-1.167,,,,,,,,-0.69
AMCR,,,,,,,,,,-0.012,,,,,,,,,0.816,1,,,2.145,0.176,-0.689,0.49,,,,0.144,,,,-0.591,,,,,,,,0.53,,,0.998,,0.554,0.804,,,0.821,-0.65,,,,,,-0.853,,,,0.135,,,,,1.444,-1.391,,,,,,,,0.21
MOH,,,,,,,,,,-0.697,,,,,,,,,,1,,,-0.699,-0.931,-0.162,0.747,,,,0.522,,,,-0.05,,,,,,,,-0.172,,,-0.236,,0.928,-0.721,,0.976,0.812,-1.328,,,,,,0.365,,,,0.956,,,,,-0.074,-1.291,,,,,,,,0.489
LKQ,,,,,,,,,,-0.574,,,,,,,,,,1,0.443,,1.101,0.163,-0.387,0.789,,,,1.655,,,,-0.427,,,,,,,,0.589,,,0.393,,0.635,0.268,,,0.799,-1.377,,,,,,-0.186,,,,-0.627,,,,,0.377,-1.636,,,,,,,,1.23
AIZ,,,,,,,,,,-0.771,,,,,,,,,,1,,,0.113,-0.311,-0.038,0.665,,,,0.664,,,,-0.429,,,,,,0.433,,0.989,,,-0.231,0.426,0.659,0.105,,,0.811,0.344,,,,,,-0.994,,,,-0.773,,,,,0.077,-1.572,,,,,,,,0.805
CBOE,,,,,,,,,,-0.022,,,,,,,,,,1,,0.688,0.006,1.361,-0.392,0.032,,,,0.9,,,,-0.442,,,,,,,,0.192,,,-0.478,,0.841,-0.641,,,0.783,-0.067,,,,,,-0.631,,,,0.723,,,,,0.386,-1.148,,,,,,,,-0.043
TDG,0.839,,,,,,,,,-0.402,,,,,,,,,,1,,,1.044,1.102,-0.198,-0.244,,,,-1.415,,,,-0.088,,,,,,,,0.012,,,1.951,,-0.504,-0.457,,,0.379,-0.054,,,,,,-0.714,,,,-0.495,,,,,0.03,-0.361,,,,,,,,-0.801
PODD,,,,,,,,,,-0.179,,,,,,,,,,1,,,-0.699,-1.448,0.985,-0.417,,,,0.238,,,,0.594,1.39,,,,,,,-0.199,,,0.194,,0.838,2.328,,,0.798,0.266,,,,,,0.441,,,,0.554,,,,,0.153,-1.212,,,,,,,,-0.417
KMI,,,,,,,,,,0.809,,,,,,,,,,1,,,1.724,0.413,-0.268,0.111,,,,1.419,,,,-0.466,,,,,,,,0.586,,,0.439,,0.517,0.583,,,0.454,0.86,,0.703,,,,-1.235,,,,-0.135,,,,,0.442,-0.473,,,,,,,,0.758
LDOS,,,,,,,,,,0.938,,,,,,,0.946,,,1,,,-0.142,-0.265,-0.439,0.408,,,,0.569,,,,-0.505,,,,,,,,0.27,,,0.177,,0.803,0.371,,,0.782,0.427,,,,,,-0.624,,,,0.051,,,,,-0.364,-1.144,,,,,,,,0.1
TMUS,,,,,,,,,,-0.258,,,,,,,,,,1,,,0.168,1.076,-0.388,0.122,,,,-1.273,,,,-0.105,,,,,,,,-0.62,,,0.807,,-0.363,0.292,,,-0.244,0.624,,,,,,-0.541,,,,0.302,,,,,0.193,0.513,,,,,0.851,,,0.087
CHTR,,,,,,,,,,-0.482,,,,,,,,,,1,,,-0.699,1.826,0.017,1.133,,,,-1.037,,,,-0.214,,,,,,,,1.149,,,2.388,,0.686,0.575,1.113,,0.499,-0.187,,,,,,-0.935,,,,0.67,,,,,3.0,-0.542,,,,,,,,0.295
SMCI,,,,,,,,,,-2.917,,,,,,1.673,,,,1,,,-0.699,-1.548,1.221,0.411,,,,-1.981,,,,0.644,,,,,,,,-0.484,,,-0.549,,2.842,-2.348,,,0.762,-3.127,,,,,,-0.118,,,,2.909,,,,,2.427,-1.076,,,,,,,,-0.001
AES,,,,,,,,,,-0.735,,,,,,,,,,1,,,2.363,0.843,0.325,1.726,,,,0.947,,,,-0.721,,,,,,,,-0.209,,,2.308,,1.319,0.86,,,0.793,-1.956,1.136,,,,,-1.555,,,,1.445,,,,,-0.175,-1.66,,,,,,,,0.512
PM,,,,,,,0.904,,,1.619,,,,,,,,,,1,,,1.708,-0.249,-0.871,0.218,,,,-0.942,,,,-0.488,,,,,,,,-0.179,,,1.562,,-0.498,0.415,,,-0.112,0.239,,,,,,0.059,,,,0.982,,,,,-0.438,0.317,,,,,,,,-0.683
ABT,,,,,,,,,,-1.128,,,,,,,,,,1,,,0.42,0.093,-0.629,-0.02,,,,-1.651,,,,-0.421,0.663,,,,,,,0.496,,,-0.565,,-0.667,0.702,,,-0.111,-0.373,,,,0.229,,-0.172,,,,0.389,,,,,0.447,0.316,,,,,,,,-0.039
TSLA,,,,,1.595,,,,,0.071,,,,,,,,,,1,,,-0.699,0.0,0.794,-0.578,,0.118,,-0.848,,,,0.617,,,,,,,,-1.22,,,-0.806,,2.161,0.106,,,-0.421,0.843,,,,,,-0.833,,,,1.541,,,,,-0.18,0.823,,,,,,,,-0.433
ADBE,,,,,,,,,,0.782,,,,,,,,,,1,,,-0.699,-0.448,-0.456,-0.159,,,,1.655,,,,-0.094,,,,,,,,0.331,,,-0.558,,0.318,-0.777,,,-0.193,-0.799,,,,,,1.162,,,,0.247,,,,,-0.301,0.436,0.907,,,,,,,-0.42
AMD,,,,,,,,,,-0.263,,,,,,,,,,1,,,-0.699,-0.44,0.518,-0.235,,,,0.758,,,,0.935,,,,,,,,-2.307,,,-1.064,,2.089,-0.467,,,-0.127,-0.883,,,,,,-0.936,,,,0.139,,,1.169,,-0.027,0.339,,,,,,,,0.122
GNRC,,,,,,,,,,-0.809,,,,,,,,,,1,,,-0.699,0.74,-0.14,0.008,0.831,,,0.144,,,,0.044,,,,,,,,-0.282,,,-0.18,,1.36,1.984,,,0.801,0.512,,,,,,-0.565,,,,-0.41,,,,,1.076,-1.627,,,,,,,,0.07
APD,,,,,,,,,,-0.192,0.813,,,,,,,,,1,,,0.591,0.278,-0.659,0.109,,,,-0.092,,,,-0.398,,,,,,,,-0.291,,,0.008,,0.553,0.224,,,0.384,-0.065,,,,,,-1.125,,,,0.2,,,,,0.283,-0.369,,,,,,,,0.064
UAL,,1.001,,,,,,,,-0.973,,,,,,,,,,1,,,-0.699,0.876,1.806,1.388,,,,-0.423,,,,-0.22,,,,,,,,-0.447,,,1.533,,1.923,1.856,,,0.688,1.827,,,,,,0.222,,,,0.743,,,,,0.135,-0.886,,,,,,,0.017,0.657
HON,0.275,,,,,,,,,-0.381,,,,,,0.225,,0.306,,1,,,0.454,-0.437,-0.885,0.081,,,,0.947,,,,-0.555,,,,,,,,0.63,,,0.505,,0.264,0.541,,,0.028,-0.243,,,,,,-0.753,,,,-0.388,,,,,0.294,0.123,,,0.287,,,,,-0.238
SWKS,,,,,,,,,,-1.197,,,,,,,,,,1,,,1.143,2.069,-0.174,0.321,,,,-0.045,,,,-0.146,,,,,,,,0.575,,,-0.806,,1.395,0.769,,,0.821,-1.577,,,,,,-0.539,,,,-0.743,,,0.818,,0.364,-1.42,,,,,,,,0.602
HWM,0.57,,0.351,,0.044,,,,,-1.142,,,,,,,,,,1,,,-0.523,-0.731,0.222,-0.262,,,,-0.234,,,,-0.351,,,,,,,,1.462,,,-0.128,,0.326,-0.058,,,0.558,1.168,,,,,,-0.931,,,,-0.514,,,,,0.427,-0.639,,,,,,,,-0.314
HES,,,,,,,,,,0.341,,,,,,,,,,1,,,0.1,1.429,1.52,0.4,,,,1.136,,,,0.07,,,,,,,,0.241,,,0.028,,0.31,-1.0,,,0.577,-0.728,,0.12,0.807,,,-0.043,,,,-0.16,,,,,0.021,-0.673,,,,,,,,0.097
JCI,,,,,,,,,0.652,-0.701,,,,,,,,,,1,,,0.35,-0.38,-0.438,-0.032,,,,0.9,,,,-0.354,,,,,,,,0.63,,,-0.21,,0.413,0.917,,,0.491,0.238,,,,,,-0.927,,,,-1.054,,,,,0.35,-0.53,,,,,,,,0.23
TEL,,,,,,,,,,-1.307,,,,,,0.458,,,,1,,,0.69,0.236,-0.251,0.395,0.268,,,0.097,,,,-0.338,,,,,,,,0.55,,,-0.579,,0.166,0.339,,,0.57,-0.543,,,,,,-0.307,,,,-1.047,,,,,-0.351,-0.659,,,,,,,,0.175
AEP,,,,,,,,,,-0.401,,,,,,,,,,1,,,1.521,0.536,-0.836,0.352,,1.025,,0.097,,,,-0.672,,,,,,,,0.074,,,1.043,,0.344,0.7,,,0.523,-0.357,,,,,,-0.951,,,,0.284,,,,,-0.401,-0.581,,,,,,,,0.831
AXP,,,,,,,,,,-0.12,,,,,,,,,,1,,1.051,-0.142,-0.235,-0.323,0.158,,,,0.853,,,,-0.181,,,,,,,,0.435,,,0.59,,-0.506,0.683,,,-0.139,0.403,,,,,,-0.561,,,,-0.475,,,,,0.877,0.356,,,,,,,,-0.162
AFL,,,,,,,,,,0.195,,,,,,,,,,1,,,0.421,-0.685,-0.613,0.468,,,,0.05,,,,-0.993,,,,,,,,1.357,,,-0.299,0.867,-0.316,-0.452,,,0.468,0.192,,,,,,-1.689,,,,-0.113,,,,,0.657,-0.494,,,,,,,,0.525
AIG,,,,,,,,,,-0.229,,,,,,,,,,1,,,0.554,0.21,0.924,0.678,,,,-0.659,,,,0.304,,,,,,,,1.13,,,-0.382,0.995,0.418,-0.32,,,0.565,-0.488,,,,,,-1.826,,,,-0.609,,,,,-0.087,-0.651,,,,,,,,2.142
AVGO,,,,,,,,,,-0.123,,,,,,,,,,1,,,0.06,0.887,-0.064,-0.298,,,,0.191,,,,0.266,,,,,,,,0.387,,,0.058,,-0.501,-1.018,,,-0.421,0.307,,,,,,-0.16,,,,-0.01,,,0.861,,-0.417,0.823,0.062,,,,,,,-0.378
AME,,,,,,,,,,1.099,,,,,,,,,,1,,,-0.35,-0.118,-0.679,-0.096,0.497,,,-0.139,,,,-0.479,,,,,,,,-0.066,,,-0.711,,0.194,0.146,,,0.581,-0.11,,,,,,-0.948,,,,-0.749,,,,,-0.141,-0.679,,,,,,,,-0.001
AMGN,,,,,,,,0.592,,0.646,,,,,,,,,,1,,,1.218,0.195,-0.724,0.324,,,,0.144,,,,-0.727,,,,,,,,0.087,,,1.502,,-0.007,-0.321,,,0.03,-0.792,,,,,,-0.081,,,,0.201,,,,,0.028,0.12,,,,,,,,-0.422
APH,,,,,,,,,,-0.9,,,,,,0.6,,,,1,,,-0.175,-0.177,-0.498,-0.239,0.085,,,-0.753,,,,-0.025,,,,,,,,-0.003,,,-0.35,,0.059,0.101,,,0.282,0.202,,,,,,-0.574,,,,-1.037,,,,,-0.446,-0.224,,,,,,,,-0.288
ADI,,,,,,,,,,-0.641,,,,,,,,,,1,,,0.317,0.409,-0.165,-0.24,,,,0.191,,,,0.019,,,,,,,,-0.707,,,-0.778,,0.109,0.116,,,0.187,-0.739,,,,,,-0.812,,,,-0.698,,,0.732,,-0.004,-0.093,,,,,,,,0.26
APA,,,,,,,,,,-0.558,,,,,,,,,,1,,,1.877,2.677,2.325,2.605,,,,0.286,,,,-0.668,,,,,,,,1.262,,,0.817,,1.653,-1.184,,,0.759,-2.156,,,1.124,,,0.362,,,,0.916,,,,,1.284,-1.767,,,,,,,,1.211
AAPL,,,,,,,,,,-0.549,,,,,,0.801,,,,1,,,-0.456,0.577,-0.567,-0.217,,,,-0.376,,,,-0.252,,,,,,,,0.592,,,0.39,,-0.659,-0.296,,,-0.421,-0.24,,,,,,0.733,,,,-0.322,,,,,-0.512,0.823,,,,,,,,-0.533
AMAT,,,,,,,,,,-2.008,,,,,,,,,,1,,,-0.15,-0.24,-0.054,0.269,,,,1.561,,,,-0.004,,,,,,,,-0.067,,,-0.583,,0.207,-0.664,,,0.062,-0.899,,,,,,0.203,,,,-0.313,,,,1.055,-0.033,0.076,,,,,,,,-0.214
ADM,,,,,,,,,,-1.691,0.142,,,,,,,,,1,,,1.53,0.351,0.085,0.802,,,,0.9,0.535,,,-0.761,,,,,,,,0.218,,,-0.142,,0.492,-0.142,,,0.751,-1.55,,,,,,-0.574,,,,0.122,,,,,0.315,-1.044,,,,,,,,2.068
ADSK,,,,,,,,,,0.894,,,,,,,,,,1,,,-0.699,-0.589,-0.205,-0.288,,,,1.655,,,,-0.174,,,,,,,,0.377,,,-0.094,,0.457,0.533,,,0.415,0.24,,,,,,1.0,,,,-0.827,,,,,0.156,-0.415,0.757,,,,,,,-0.473
ADP,,,,,,,,,,1.707,,,,,,,0.799,,,1,,,0.423,-2.014,-0.696,-0.106,,,,1.561,,,,-0.42,,,,,,,,0.298,,,-0.156,,-0.121,0.292,,,0.119,0.038,,,,,,-0.648,,,,-0.517,,,,,-0.285,-0.001,,,,,,,,-0.449
AZO,,,,,,,,,,-0.791,,,,,,,,,,1,,,-0.699,-0.241,-0.333,0.139,,,,-0.281,,,,-0.128,,,,,,,,0.748,,,1.67,,0.774,-0.474,,,0.477,-0.444,,,,,,0.87,,,,-0.028,,,,,0.787,-0.509,,0.679,,,,,,-0.751
AVY,,,,,,,,,,0.508,,,,,,,0.066,,0.72,1,,,0.315,0.026,-0.583,0.144,,,,0.711,,,,-0.345,,,,,,,,0.06,,,0.076,,0.458,0.042,,,0.816,-0.917,,,,,,-0.288,,,,-0.985,,,,,0.223,-1.326,,,,,,,,-0.12
BKR,,,,,,,,,,1.388,,,,,,,,,,1,,,0.466,-0.199,0.925,0.374,,,0.795,0.758,,,,-0.131,,,,,,,,0.008,,,-0.401,,0.416,-0.47,,,0.605,0.369,,,,,,-1.013,,,,-0.205,,,,,-0.042,-0.723,,,,,,,,0.547
BALL,0.063,,,,,,,,,-0.451,,,,,,,,,0.901,1,,,0.088,0.407,-0.708,1.478,,,,1.278,,,,-0.356,,,,,,,,0.323,,,0.167,,0.252,1.198,,,0.812,-0.823,,,,,,-1.119,,,,-0.245,,,,,0.432,-1.292,,,,,,,,0.538
BK,,,,,,,,,,0.057,,,,,,,,,,1,,0.99,0.66,-0.411,-0.312,0.729,,,,0.758,,,,-0.088,,,,,,,,0.848,,,0.564,,0.171,0.638,,,0.462,0.568,,,,,,-1.844,,,,-0.597,,,,,0.493,-0.486,,,,,,,,1.184
BAX,,,,,,,,,,-1.301,,,,,,,,,,1,,,0.793,0.192,0.25,0.256,,,,-0.612,,,,-0.387,0.896,,,,,,,0.034,,,0.894,,0.719,1.566,,,0.816,-1.375,,,,0.031,,-0.864,,,,0.217,,,,,1.349,-1.331,,,,,,,,0.787
BDX,,,,,,,,0.071,,-0.669,,,,,,,,,,1,,,0.315,0.497,-0.715,0.214,,,,-0.47,,,,-0.587,0.646,,,,,,,0.554,,,0.045,,0.139,0.057,,,0.424,-0.97,,,,,,-0.787,,,,-0.208,,,,,-0.217,-0.428,,,,,,,,0.502
VZ,,,,,,,,,,-0.51,,,,,,,,,,1,,,2.809,0.927,-0.774,0.979,,,,-0.139,,,,-0.984,,,,,,,,0.152,,,1.136,,-0.09,0.829,,,-0.057,-0.385,,,,,,-0.718,,,,0.485,,,,,0.253,0.239,,,,,0.943,,,0.937
WRB,,,,,,,,,,-0.151,,,,,,,,,,1,,,-0.135,-0.724,-0.029,0.505,,,,-1.131,,,,-0.201,,,,,,1.089,,0.605,,,-0.333,,-0.204,-0.189,,,0.765,-0.049,,,,,,-0.944,,,,-0.23,,,,,-0.24,-1.086,,,,,,,,0.445
BRKB,,,,,,,,,,-1.668,,,,,,,,,,1,,0.198,-0.699,-0.184,0.088,0.502,,0.069,,-1.273,,,,-0.515,,,,,0.174,0.184,,0.421,,,-0.622,,-1.355,-0.054,,,-0.421,-0.137,,,,,,-1.614,,,,-0.367,,0.062,,,-0.46,0.823,,,,,,,,1.101
BBY,,,,,,,,,,-1.348,,,,,,,,,,1,,,1.81,0.394,-0.524,0.638,,,,1.655,,,,-0.635,,,,,,,,0.989,,,0.214,,1.458,0.929,,,0.803,-0.485,,,,,,1.281,,,,0.473,,,,,1.147,-1.237,,0.678,,,,,,0.214
KKR,,,,,,,,,,1.156,,,,,,,,,,1,,0.649,-0.431,-0.708,1.353,-0.18,,,,-0.423,,,,0.283,,,,,,,,-1.794,,,0.726,0.64,-0.846,0.325,,,0.076,1.161,,,,,,-1.601,,,,-0.739,,,,,0.646,0.058,,,,,,,,-0.099
BA,1.149,,,,,,,,,-1.264,,,,,,,,,,1,,,-0.699,-0.171,1.318,-1.155,,,,-1.556,,,,1.886,,,,,,,,0.451,,,1.553,,1.48,0.161,,,0.121,-1.809,,,,,,-1.767,,,,1.108,,,,,0.031,-0.004,,,,,,,0.157,-0.999
BMY,,,,,,,,,,0.059,,,,,,,,,,1,,,1.696,2.435,0.453,0.327,,,,0.097,,,,0.839,,,,,,,,0.953,,,1.385,,0.325,1.037,,,0.14,-0.129,,,,0.928,,0.011,,,,1.072,,,,,-0.116,-0.03,,,,,,,,-0.149
BFB,,,,,,,0.867,,,0.907,,,,,,,,,,1,,,0.518,-0.741,-0.799,0.042,,,,0.333,,,,-0.759,,,,,,,,-0.111,,,-0.134,,-0.04,0.46,,,0.783,-1.724,,,,,,-0.241,,,,0.762,,,,,2.41,-1.147,,,,,,,,-0.108
TRGP,,,,,,,,,,0.795,,,,,,,,,,1,,,0.337,0.906,1.039,-0.011,,,,0.947,,,,0.587,,,,,,,,0.451,,,1.362,,0.59,-0.599,,,0.609,1.704,,1.011,,,,-0.622,,,,0.229,,,,,0.153,-0.728,,,,,,,,-0.357
VRSK,,,,,,,,,,2.615,,,,,,,0.817,,,1,,,-0.372,0.424,-0.696,-0.295,,,,0.286,,,,-0.46,,,,,,,,1.099,,,1.256,,0.25,-0.132,,,0.608,-0.061,,,,,,0.395,,,,-0.187,,,,,0.493,-0.727,,,,,,,,-0.559
CI,,,,,,,,,,-1.055,,,,,,,,,,1,,,0.316,-0.259,-0.49,0.644,,,,0.853,,,,-0.269,,0.926,,,,,,0.96,,,0.099,,0.304,-0.557,,,0.287,-0.74,,,,,,-0.619,,,,0.336,,,,,-0.363,-0.231,,,,,,,,1.011
V,,,,,,,,,,1.348,,,,,,,,,,1,,0.978,-0.255,-1.437,-0.404,-0.13,,,,0.522,,,,-0.088,,,,,,,,0.332,,,-0.338,,-0.37,0.13,,,-0.421,-0.049,,,,,,0.083,,,,-0.161,,,,,2.416,0.823,,,,,,,,-0.428
CSX,,,,,,,,,,0.881,,,,,,,,,,1,,,0.117,0.324,-0.506,0.339,,,,0.522,,,,-0.351,,,,,,,,0.64,,,0.542,,0.371,0.342,,,0.412,-0.535,,,,,,-0.36,,,,-0.483,,0.798,,,0.079,-0.409,,,,,,,,-0.041
CTRA,,,,,,,,,,-0.745,,,,,,,,,,1,,,1.213,1.966,1.498,1.131,,,,-1.037,,,,0.784,,,,,,,,-2.619,,,-0.695,,0.799,-0.609,,,0.805,-0.683,,,0.832,,,-0.553,,,,-0.506,,,,,0.701,-1.247,,,,,,,,1.301
CDNS,,,,,,,,,,1.02,,,,,,,,,,1,,,-0.699,-0.969,-0.427,-0.403,,,,0.9,,,,-0.029,,,,,,,,-0.13,,,-0.372,,0.075,-0.969,,,0.307,-0.409,,,,,,1.275,,,,-0.408,,,,,0.272,-0.258,0.746,,,,,,,-0.443
CPB,,,,,,,,,,-0.47,,,,,,,,,,1,,,1.287,0.026,-0.835,0.423,,,,0.9,1.149,,,-0.731,,,,,,,,0.165,,,1.035,,0.803,0.531,,,0.821,-0.866,,,,,,-0.876,,,,0.341,,,,,1.39,-1.47,,,,,,,,0.317
STZ,,,,,,,0.923,,,0.529,,,,,,,,,,1,,,0.309,-0.364,0.102,0.049,,,,0.238,,,,-0.38,,,,,,,,0.55,,,0.472,,0.61,0.039,,,0.577,-0.87,,,,,,-0.604,,,,0.115,,,,,0.112,-0.672,,,,,,,,-0.092
CAH,,,,,,,,,,-2.365,,,,,,,,,,1,,,0.268,0.274,1.145,0.35,,,,0.853,,,,0.013,0.322,0.547,,,,,,0.745,,,0.937,,0.928,-0.897,,,0.712,0.094,,,,,,-0.281,,,,-0.119,,,,,-0.226,-0.942,,,,,,,,-0.501
CCL,,,,,,,,,,-0.44,,,,,,,,,,1,,,-0.699,1.404,1.917,0.466,,,,-1.651,,,,-0.625,,,,,,,,-0.411,,0.991,1.941,,1.992,1.385,,,0.706,1.001,,,,,,-0.719,,,,-0.091,,,,,0.328,-0.927,,,,,,,0.455,0.314
CAT,,,,,,,,,,-1.075,,,0.491,,,,,,,1,,0.186,0.123,-0.002,-0.191,0.289,0.481,,,0.664,,,,-0.528,,,,,,,,0.554,,,0.39,,-0.098,-0.051,,,-0.081,0.011,,,,,,-0.268,,,,-0.421,,,,,0.72,0.273,,,,,,,,-0.271
DG,,,,0.015,,,,,,0.011,,,,,,,,,,1,,,1.039,0.506,-0.364,0.641,,,,-0.281,,1.061,,-0.686,,,,,,,,0.286,,,1.532,,1.512,0.898,,,0.806,-2.581,,,,,,0.054,,,,1.931,,,,,0.054,-1.252,,0.019,,,,,,0.854
JPM,,,,,,0.374,,,,-0.134,,,,,,,,,,1,,0.33,0.492,-1.092,-0.315,0.546,,,,-0.234,,,,-0.674,,,,,,,,0.247,,,0.807,,-0.744,0.358,,,-0.421,0.392,,,,,,-1.914,,,,-0.044,,,,,-0.457,0.823,,,,,,,,0.697
CVX,,,,,,,,,,-0.472,,,,,,,,,,1,,,1.721,1.112,1.097,0.58,,,,-0.281,,,,-0.2,,,,,,,,0.354,,,-0.744,,-0.196,-0.05,,,-0.268,-0.536,,0.462,0.455,,,-0.467,,,,0.073,,,,,2.178,0.551,,,,,,,,0.933
CHD,,,,,,,,,,0.639,,,,,,,,,,1,,,-0.077,-0.191,-0.734,-0.186,,,,0.9,0.027,,,-0.553,,,,,,,,-0.039,,,-0.304,,0.475,0.19,,,0.739,-0.251,,,,,,-0.326,0.898,,,0.008,,,,,0.165,-1.011,,,,,,,,-0.132
CINF,,,,,,,,,,0.043,,,,,,,,,,1,,0.487,0.533,-0.343,-0.064,0.764,,,,-0.612,,,,-0.448,,,,,,0.614,,0.462,,,-0.707,0.019,-0.455,0.633,,,0.764,0.321,,,,,,-1.053,,,,-0.411,,,,,-0.026,-1.085,,,,,,,,0.974
KMX,,,,,,,,,,-0.749,,,,,,,,,,1,,,-0.699,-0.33,-0.281,-0.083,,,,0.947,,,,-0.068,,,,,,,,0.123,,,2.37,,1.104,1.006,,,0.821,-0.676,,,,,,-1.316,,,,-0.315,,,,,1.274,-1.452,,0.916,,,,,,0.929
CSCO,,,,,,,,,,-0.819,,,,,0.693,,,,,1,,,0.885,-0.252,-0.891,0.277,,,,0.569,,,,-0.695,,,,,,,,0.397,,,-0.28,,0.146,0.068,,,-0.181,-0.065,,,,,,-0.24,,,,-0.591,,,,,-0.253,0.417,0.008,,,,,,,-0.053
CTAS,,,,,,,,,,1.621,,,,,,,0.766,,,1,,,-0.276,0.542,-0.653,-0.364,,,,0.002,,,,-0.314,,0.055,,,,,,0.165,,,-0.32,,-0.415,-0.192,,,0.297,0.453,,,,,,0.729,,,,-0.464,,,,,0.281,-0.245,,,,,,,,-0.447
CLX,,,,,,,,,,-0.152,,,,,,,,,,1,,,1.005,-0.552,-0.452,-0.125,,,,1.655,,,,-0.873,,,,,,,,0.71,,,1.179,,1.114,1.138,,,0.787,-0.088,,,,,,0.949,0.907,,,0.078,,,,,-0.743,-1.163,,,,,,,,-0.52
KO,,,,,,,0.806,,,0.543,,,,,,,,,,1,,,1.108,0.189,-0.797,0.051,,,,0.522,,,,-0.635,,,,,,,,0.367,,,0.501,,-0.28,0.248,,,-0.244,-0.759,,,,,,-0.32,,,,0.064,,,,,-0.398,0.513,,,,,,,,-0.307
CL,,,,,,,,,,0.44,,,,,,,,,,1,,,0.545,0.493,-0.875,-0.003,,,,0.238,0.115,,,-0.571,,,,,,,,0.303,,,1.13,,0.411,0.279,,,0.343,-0.546,,,,,,1.432,0.694,,,0.36,,,,,0.299,-0.31,,,,,,,,-0.529
AON,,,,,,,,,,0.425,,,,,,,,,,1,,,-0.276,-0.405,-0.497,0.005,,,,-0.139,,,,-0.242,,,,,,0.746,,0.652,,,1.068,,0.234,0.041,,,0.335,0.004,,,,,,0.405,,,,-0.298,,,,,0.334,-0.298,,,,,,,,-0.355
CMCSA,,,,,,,,,,-0.748,,,,,,,,,,1,,,1.103,1.618,-0.346,1.282,,,,-0.659,,,,-0.559,,,,,,,,0.738,,,0.693,,-0.025,0.295,0.896,,0.021,-0.383,,,,,,-0.19,,,,0.244,,,,,0.397,0.133,,,,,,,,1.037
CAG,,,,,,,,,,-0.583,,,,,,,,,,1,,,2.266,0.068,-0.61,0.612,,,,0.805,1.162,,,-0.933,,,,,,,,0.637,,,0.444,,1.102,0.695,,,0.821,-1.075,,,,,,-1.087,,,,0.104,,,,,-0.254,-1.454,,,,,,,,1.265
ED,,,,,,,,,,0.656,,,,,,,,,,1,,,1.29,0.206,-0.744,0.362,,,,-0.139,,,,-0.643,,,,,,,,0.23,,,0.738,,0.326,0.137,,,0.678,-0.551,0.94,,,,,-0.698,,,,0.05,,,,,1.044,-0.865,,,,,,,,1.212
CMS,,,,,,,,,,-0.443,,,,,,,,,,1,,,1.089,0.745,-0.69,0.242,,0.397,,0.522,,,0.217,-0.624,,,,,,,,0.21,,,1.307,,0.796,0.651,,,0.791,-0.252,0.403,,,,,-0.982,,,,-0.192,,,,,0.177,-1.181,,,,,,,,0.482
COO,,,,,,,,,,-0.182,,,,,,,,,,1,,,-0.699,-0.291,0.193,-0.14,,,,0.333,,,,-0.404,0.832,,,,,,,-0.02,,,-0.61,,0.207,0.618,,,0.794,-0.577,,,,,,-0.393,,,,-0.13,,,,,-0.04,-1.195,,,,,,,,0.479
TAP,,,,,,,0.809,,,-0.527,,,,,,,,,,1,,,0.984,0.242,0.08,0.955,,,,1.467,,,,-0.654,,,,,,,,0.589,,,0.03,,1.067,-0.011,,,0.817,-0.329,,,,,,-1.034,,,,-0.016,,,,,1.073,-1.517,,,,,,,,2.436
GLW,,,,,0.039,,,,,-1.988,,,,,,0.448,,,,1,,,0.68,0.469,-0.582,-0.145,,,,-0.659,,,,-0.317,0.067,,,,,,,0.446,,,-0.078,,0.248,1.228,,,0.6,0.322,,,,,,-1.012,,,,-0.348,,,,,-0.309,-0.713,,,0.123,,,,,0.153
CMI,,,,,0.333,,,,,-1.293,,,0.439,,,,,,,1,,,0.425,-0.023,-0.234,0.233,0.102,,,1.655,,,,-0.324,,,,,,,,-0.05,,,-0.249,,0.275,0.515,,,0.514,0.389,,,,,,-0.384,,,,-0.397,,,,,0.064,-0.566,,,,,,,,0.03
DHR,,,,,,,,0.647,,0.092,,,,,,,,,,1,,,-0.426,0.081,-0.327,-0.179,,,,0.144,,,,-0.41,0.129,,,,,,,-0.088,,,-0.536,,-0.531,0.538,,,-0.033,-1.021,,,,,,-0.735,,,,0.208,,,,,-0.453,0.206,,,,,,,,0.208
TGT,,,,,,,,,,-0.333,,,,,,,,,,1,,,1.253,0.634,-0.321,0.577,,,,0.805,,1.077,,-0.466,,,,,,,,0.307,,,0.385,,1.038,1.225,,,0.439,-0.842,,,,,,0.814,,,,0.717,,,,,0.587,-0.45,,,,,,,,0.319
DE,,,,,,,,,,-0.32,,,0.717,,,,,,,1,,0.385,0.058,-0.316,0.085,0.262,,,,0.522,,,,-0.283,,,,,,,,0.227,,,0.975,,0.029,-0.133,,,0.126,-0.596,,,,,,-0.747,,,,0.135,,,,,0.896,-0.01,,,,,,,,-0.026
DAL,,0.773,,,,,,,,-1.241,,,,,,,,,,1,,,-0.149,0.394,2.328,1.415,,,,0.9,,,,-0.049,,,,,,,,0.25,,,0.744,,1.353,1.321,,,0.608,0.833,,,,,,-0.023,,,,0.152,,,,,0.494,-0.727,,,,,,,0.118,0.551
DTE,,,,,,,,,,-0.419,,,,,,,,,,1,,,1.277,0.663,-0.686,0.391,,0.455,,0.616,,,0.087,-0.589,,,,,,,,0.283,,,1.276,,0.347,0.672,,,0.748,-0.455,0.46,,,,,-1.096,,,,-0.113,,,,,0.038,-1.035,,,,,,,,0.683
DIS,,,,,,,,,,-0.889,,,,,,,,,,1,,,-0.24,-0.068,0.206,-0.004,,,,-0.045,,,,-0.11,,,,,,,,0.363,,0.308,-0.322,,0.31,1.446,0.477,,-0.128,-0.236,,,,,,-1.134,,,,0.371,,,,,-0.341,0.34,,,,,,,,0.74
D,,,,,,,,,,-0.115,,,,,,,,,,1,,,2.002,1.469,-0.317,0.335,,,,0.38,,,,-0.295,,,,,,,,0.209,,,1.064,,0.089,1.747,,,0.559,-0.222,1.03,,,,,-0.92,,,,0.46,,,,,0.97,-0.641,,,,,,,,0.913
DOV,,,,,,,,,,-0.07,,,,,,,,,,1,,,-0.108,-0.106,-0.664,0.176,,,,0.475,,,,-0.398,,,,,0.848,,,0.253,,,-0.295,,0.457,0.574,,,0.726,-0.053,,,,,,-0.504,,,,-1.043,,,,,-0.019,-0.977,,,,,,0.078,,-0.009
DD,,,,,,,,,,0.269,0.216,,,,,,,,,1,,,0.386,0.43,0.171,0.062,,,,0.097,,,,-0.425,,,0.246,,,,,2.858,,,-0.485,,0.215,0.15,,,0.664,-0.49,,,,,,-1.285,,,,-0.628,,,,,-0.439,-0.835,,,0.25,,,,,1.262
DUK,,,,,,,,,,-0.308,,,,,,,,,,1,,,1.451,0.706,-0.624,0.279,,0.875,,0.711,,,0.084,-0.753,,,,,,,,0.262,,,1.242,,-0.145,0.538,,,0.291,-0.229,,,,,,-0.941,,,,0.212,,,,,-0.147,-0.237,,,,,,,,0.911
RVTY,,,,,,,,0.689,,0.16,,,,,,,,,,1,,,-0.562,0.294,0.015,0.023,,,,0.475,,,,-0.823,,,,,,,,-0.496,,,-0.352,,0.388,1.359,,,0.821,-0.83,,,,,,-0.811,,,,-0.146,,,,,2.328,-1.405,,,,,,,,0.84
ETN,,,,,0.048,,,,,-0.051,,,,,,,,,,1,,,-0.099,-0.4,-0.615,-0.185,0.527,,,-0.281,,,,-0.345,,,,,0.163,,,0.284,,,-0.386,,-0.112,-0.524,,,0.052,0.375,,,,,,-0.667,,,,-1.106,,,,,0.153,0.09,,,,,,,,-0.217
ECL,,,,,,,,,,0.71,,,,,,,0.021,,,1,,,-0.15,0.501,-0.794,-0.191,,,,1.183,,,,-0.364,,,,,,,,0.396,,,-0.006,,-0.26,0.598,,,0.385,-0.236,,,,,,-0.309,,,,-0.591,,,,,0.186,-0.37,,,0.671,,,,,-0.239
EA,,,,,,,,,,-0.199,,,,,,,,,,1,,,-0.43,0.194,-0.039,0.034,,,,0.805,,,,-0.421,,,,,,,,0.407,,,-0.714,,0.781,0.361,,,0.583,0.007,,,,,,0.704,,,,-0.445,,,,,0.239,-0.683,0.403,,,,,,,-0.12
EMR,,,,,,,,,,0.919,,,,,,,,,,1,,,0.237,0.172,-0.47,-0.065,0.296,,,-0.848,,,,-0.636,,,,0.007,,,,-0.011,,,-0.558,,-0.001,0.291,,,0.362,0.14,,,,,,-0.778,,,,-0.843,,,,,0.616,-0.337,0.291,,,,,,,0.202
ATO,,,,,,,,,,0.427,,,,,,,,,,1,,,0.692,0.119,-0.83,0.191,,,,0.097,,,0.928,-0.595,,,,,,,,-0.485,,,0.043,,0.443,0.426,,,0.777,0.096,,,,,,-0.775,,,,-0.584,,,,,2.072,-1.128,,,,,,,,0.875
EOG,,,,,,,,,,-0.103,,,,,,,,,,1,,,1.048,1.735,0.697,1.034,,,,0.05,,,,-0.358,,,,,,,,0.288,,,-0.801,,0.083,-0.742,,,0.377,-0.359,,,0.959,,,-0.158,,,,0.159,,,,,0.55,-0.359,,,,,,,,0.53
ETR,,,,,,,,,,-0.629,,,,,,,,,,1,,,1.128,0.854,-0.701,0.281,,0.975,,-0.564,,,,-0.566,,,,,,,,0.24,,,1.257,,0.857,0.832,,,0.687,0.543,,,,,,-0.863,,,,0.336,,,,,1.139,-0.885,,,,,,,,0.685
EFX,,,,,,,,,,1.941,,,,,,,1.034,,,1,,,-0.339,0.476,0.293,-0.217,,,,-0.753,,,,0.211,,,,,,,,-0.08,,,0.105,,0.432,0.742,,,0.683,-0.671,,,,,,-0.611,,,,-0.426,,,,,0.903,-0.875,,,,,,,,-0.175
EQT,,,,,,,,,,-1.086,,,,,,,,,,1,,,0.122,1.396,1.287,0.093,,,,0.711,,,,1.014,,,,,,,,-0.885,,,0.182,,1.342,-1.102,,,0.744,-0.019,,,0.823,,,-1.323,,,,-0.25,,,,,0.729,-1.024,,,,,,,,1.476
EXPD,,,,,,,,,,0.835,,,,,,,,,,1,,,0.008,-0.515,0.031,0.066,,,,1.561,,,,-0.546,,,,,,,,0.612,,,-0.649,,0.872,0.06,,,0.812,-0.775,,,,,,1.441,,,,-0.505,,,,,0.511,-1.296,,,,,,,0.834,-0.127
XOM,,,,,,,,,,-0.362,0.089,,,,,,,,,1,,,1.297,0.712,0.93,0.602,,,,-1.037,,,,-0.213,,,,,,,,0.592,,,-0.742,,-0.541,-0.632,,,-0.421,-0.403,,0.536,0.431,,,-0.694,,,,0.407,,,,,-0.006,0.823,,,,,,,,0.912
FMC,,,,,,,,,,0.561,1.028,,,,,,,,,1,,,1.589,-0.614,-0.208,1.561,,,,0.097,,,,0.032,,,,,,,,0.307,,,0.206,,0.94,1.823,,,0.718,-1.514,,,,,,-0.91,,,,0.541,,,,,0.906,-1.859,,,,,,,,1.149
NEE,,,,,,,,,,0.355,,,,,,,,,,1,,,0.929,0.262,-0.423,0.151,,0.602,,0.522,,,,-0.41,,,,,,,,-0.156,,,0.601,,-0.059,0.914,,,0.017,-0.446,0.507,,,,,-0.709,,,,1.047,,,,,0.284,0.138,,,,,,,,0.281
FICO,,,,,,,,,,0.851,,,,,,,,,,1,,,-0.699,-0.678,-0.441,-0.523,,,,0.38,,,,0.377,,,,,,,,1.118,,,1.684,,0.21,-0.596,,,0.505,1.7,,,,,,1.892,,,,-0.064,,,,,0.253,-0.553,0.652,,,,,,,-0.631
FAST,,,,,,,,,,0.752,,,,,,,,,,1,,,0.437,0.022,-0.724,-0.261,,,,-0.187,,,,-0.485,,,,,,,,0.429,,,-0.929,,0.182,0.0,,,0.563,0.227,,,,,,1.584,,,,-0.645,,,,,1.22,-0.648,,,,,,0.82,,-0.36
FDX,,,,,,,,,,-0.174,,,,,,,0.068,,,1,,,0.417,0.489,-0.295,0.59,,,,0.238,,,,-0.216,,,,,,,,0.534,,,0.652,,0.57,-0.076,,,0.396,-0.199,,,,,,1.132,,,,0.375,,0.132,,,0.2,-0.387,,,,,,,0.841,0.663
FRT,,,,,,,,,,0.451,,,,,,,,,,1,,,1.513,0.369,-0.624,0.075,,,,-0.092,,,,-0.89,,,,,,,,0.143,,,0.794,,0.756,0.664,,,0.791,-0.334,,,,,,-1.022,,0.939,,-0.842,,,,,0.371,-1.668,,,,,,,,0.217
HII,0.811,,,,,,,,,-0.727,,,,,,,,,,1,,,0.906,0.062,-0.458,0.825,,,,0.333,,,,-0.439,,,,,,,,0.256,,,-0.137,,1.103,-0.238,,,0.732,-1.511,,,,,,-0.878,,,,0.058,,,,,0.351,-1.83,,,,,,,,1.118
FITB,,,,,,0.882,,,,-0.862,,,,,,,,,,1,,0.073,1.135,-0.361,-0.493,0.588,,,,0.05,,,,-0.217,,,,,,,,0.238,,,0.556,,0.331,1.153,,,0.694,0.377,,,,,,-1.943,,,,-0.649,,,,,1.089,-0.899,,,,,,,,1.03
RF,,,,,,1.013,,,,-1.309,,,,,,,,,,1,,0.018,1.516,-0.527,-0.474,0.729,,,,0.05,,,,-0.406,,,,,,,,0.463,,,-0.044,,0.756,1.133,,,0.768,0.37,,,,,,-1.949,,,,-0.619,,,,,0.592,-1.096,,,,,,,,1.349
XYL,,,,,,,,,,0.97,,,,,,,0.012,,,1,,,-0.022,-0.113,-0.842,-0.125,,,,1.278,,,,-0.416,,,,,0.885,,,-0.724,,,-0.744,,0.184,0.322,,,0.693,-0.882,0.079,,,,,-0.888,,,,-0.916,,,,,0.3,-0.897,,,,,,,,0.327
MTB,,,,,,0.916,,,,-0.798,,,,,,,,,,1,,0.033,0.781,-0.369,-0.565,0.585,,,,-0.376,,,,-0.432,,,,,,,,-0.8,,,0.062,,0.217,1.236,,,0.664,0.707,,,,,,-1.945,,,,-0.255,,,,,0.963,-0.835,,,,,,,,1.472
USB,,,,,,0.754,,,,-0.756,,,,,,,,,,1,,0.099,1.523,-0.475,-0.425,0.646,,,,0.238,,,,-0.509,,,,,,,,0.047,,,0.773,,-0.087,1.248,,,0.321,0.115,,,,,,-1.946,,,,-0.477,,,,,0.474,-0.279,,,,,,,,1.175
MNST,,,,,,,1.073,,,0.811,,,,,,,,,,1,,,-0.699,-0.506,-0.554,-0.14,,,,-1.509,,,,-0.181,,,,,,,,-0.429,,,-0.888,,0.443,-0.08,,,0.516,-0.558,,,,,,0.257,,,,0.213,,,,,0.232,-0.57,,,,,,,,-0.277
FI,,,,,,,,,,0.365,,,,,,,,,,1,,0.687,-0.699,0.115,-0.062,0.024,,,,-0.139,,,,0.15,,,,,,,0.036,0.388,,,0.061,,-0.086,0.514,,,0.148,0.781,,,,,,-0.666,,,,-0.338,,,,,0.615,-0.04,,,,,,,,0.053
F,,,,,0.47,,,,,-1.625,,,,,,,,,,1,,0.279,2.495,1.107,1.539,1.774,,,,-1.604,,,,-1.017,,,,,,,,0.431,,,2.165,,1.381,0.375,,,0.595,-0.836,,,,,,-1.16,,,,-0.172,,,,,-0.027,-0.704,,,,,,,,2.504
BEN,,,,,,,,,,-0.275,,,,,,,,,,1,,0.827,2.546,-0.164,-0.211,0.757,,,,-0.564,,,,-0.711,,,,,,,,-0.244,,,1.022,,0.492,0.486,,,0.815,-1.002,,,,,,-1.059,,,,-0.47,,,,,1.937,-1.537,,,,,,,,2.307
FCX,,,,,,,,,,0.4,,,,,,,,,,1,,,0.039,0.252,0.832,0.132,,,,-0.753,,,,0.442,,,,,,,,0.05,,,-0.39,,0.565,-0.174,,,0.454,-0.891,,,,,0.995,-0.962,,,,0.216,,,,,0.1,-0.473,,,,,,,,0.223
GM,,,,,0.565,,,,,-1.9,,,,,,,,,,1,,0.167,-0.186,1.124,0.318,2.752,,,,-0.564,,,,-0.493,,,,,,,,0.5,,,1.529,,1.292,1.605,,,0.467,0.394,,,,,,-1.118,,,,0.143,,,,,0.328,-0.493,,,,,,,,2.948
AJG,,,,,,,,,,0.312,,,,,,,,,,1,,,-0.226,-0.312,-0.735,-0.17,,,,-0.139,,,,-0.421,,,,,,0.87,,-0.961,,,-0.138,,-0.22,-0.779,,,0.437,-0.054,,,,,,-1.382,,,,-0.174,,,,,0.773,-0.447,,,,,,,,-0.068
GD,0.374,,,,,,,,,-0.948,,,0.078,,,,,,,1,,,0.517,-0.335,-0.92,0.269,,,,0.002,,,,-0.437,,,,,,,0.327,0.543,,,-0.364,,-0.086,-0.214,,,0.357,-0.501,,,,,,-1.167,,,,-0.649,,,,,0.131,-0.331,,,,,,,,0.319
GE,0.673,,,,,,,,,-2.069,,,,,,,,,,1,,,-0.297,-0.424,0.412,-0.156,0.64,,,0.191,,,,0.011,,,,,,,,1.539,,,0.047,,-0.315,-0.571,,,-0.075,0.52,,,,,,-1.315,,,,-0.072,,,,,0.382,0.266,,,,,,,,-0.283
HCA,,,,,,,,,,-0.569,,,,,,,,,,1,,,-0.209,0.662,-0.366,0.676,,,,0.191,,,,-0.183,,0.921,,,,,,0.743,,,1.741,,-0.103,0.103,,,0.323,-0.452,,,,,,1.965,,,,0.562,,,,,0.583,-0.281,,,,,,,,-0.509
GIS,,,,,,,,,,-0.086,,,,,,,,,,1,,,1.436,-0.124,-0.859,0.513,,,,1.514,1.029,,,-0.72,,,,,,,,0.517,,,0.443,,0.637,0.273,,,0.642,-0.999,,,,,,-0.726,,,,0.376,,,,,0.376,-0.791,,,,,,,,0.16
GPC,,,,,,,,,,-1.412,,,,,,,,,,1,0.322,,1.163,-0.491,-0.086,0.463,,,,0.286,,,,-0.396,,,,,,,,0.101,,,0.318,,0.698,0.09,,,0.81,-1.258,,,,,,0.134,,,,-0.159,,,,,0.444,-1.277,,,,,,0.139,,0.337
GWW,,,,,,,,,,-0.051,,,,,,,,,,1,,,-0.289,-0.159,-0.31,-0.108,,,,1.561,,,,-0.348,,,,,,,,0.13,,,-0.164,,-0.053,-0.523,,,0.479,0.454,,,,,,1.772,,,,-0.729,,,,,0.742,-0.511,,,,,,0.945,,-0.378
HAL,,,,,,,,,,1.711,,,,,,,,,,1,,,0.631,0.237,0.711,1.225,,,1.018,-0.234,,,,-0.385,,,,,,,,0.502,,,0.141,,0.949,-1.121,,,0.746,-1.252,,,,,,-0.509,,,,0.113,,,,,0.193,-1.028,,,,,,,,0.609
LHX,1.01,,,,,,,,,0.683,,,,,,,,,,1,,,0.452,-0.05,-0.552,0.177,,,,0.097,,,,-0.548,,,,,,,,0.608,,,-0.094,,-0.001,0.915,,,0.58,-0.099,,,,,,-1.278,,,,-0.271,,,,,-0.883,-0.677,,,,,,,,0.621
HAS,,,,,,,,,,-0.542,,,,,,,,,,1,,,1.795,1.842,0.445,-0.391,,,,0.333,,,,-0.512,,,,,,,,0.66,0.498,,1.326,,1.108,1.686,0.063,,0.782,-0.571,,,,,,-0.066,,,,-0.041,,,,,0.427,-1.7,,,,,,,,-0.14
DOC,,,,,,,,,,-0.331,,,,,,,,,,1,,,2.491,1.999,-0.497,-0.072,,,,0.427,,,,-1.947,,,,,,,,0.58,,,0.525,,0.642,1.746,,,0.82,-0.416,,,,,,-0.628,,1.221,,-0.448,,,,,0.561,-1.376,,,,,,,,0.898
WELL,,,,,,,,,,-0.287,,,,,,,,,,1,,,0.488,0.148,-0.144,-0.595,,,,0.427,,,,-0.096,,,,,,,,-0.456,,,-0.283,,-0.122,0.173,,,0.321,0.66,,,,,,-1.586,,1.103,,0.211,,,,,0.286,-0.279,,,,,,,,0.398
JKHY,,,,,,,,,,0.245,,,,,,,,,,1,,0.514,0.032,1.901,-0.816,-0.085,,,,0.286,,,,-0.455,,,,,,,0.046,0.306,,,-0.904,,0.613,0.7,,,0.82,-0.624,,,,,,0.255,,,,-0.541,,,,,0.701,-1.472,,,,,,,,-0.17
HSY,,,,,,,,,,0.291,,,,,,,,,,1,,,1.038,-0.404,-0.533,0.057,,,,-0.328,0.981,,,-0.809,,,,,,,,-0.048,,,0.057,,1.082,0.323,,,0.631,-1.218,,,,,,0.236,,,,0.707,,,,,1.856,-0.771,,,,,,,,-0.264
HPQ,,,,,,,,,,-2.746,,,,,,1.029,,,,1,,,1.128,-0.111,-0.167,0.991,,,,0.853,,,,-0.546,,,,,,,,1.222,,,1.176,,0.619,0.464,,,0.67,-0.196,,,,,,0.051,,,,-0.276,,,,,1.348,-0.848,,,,,,,,-0.426
HOLX,,,,,,,,0.021,,-0.78,,,,,,,,,,1,,,-0.699,0.164,-0.342,0.254,,,,0.569,,,,-0.734,0.698,0.102,,,,,,0.582,,,-0.321,,0.666,0.522,,,0.81,-0.63,,,,,,-0.39,,,,-0.182,,,,,0.565,-1.277,,,,,,,,0.221
HD,,,,,,,,,,0.373,,,,,,,,,,1,,,0.547,0.339,-0.606,-0.09,,,,0.853,,,,-0.538,,,,,,,,0.279,,,1.271,,-0.707,0.491,,,-0.409,-0.095,,,,,,1.158,,,,-0.111,,,,,-0.355,0.799,,0.924,,,,,,-0.492
HRL,,,,,,,,,,-1.137,,,,,,,,,,1,,,1.327,-0.114,-0.845,0.146,,,,0.9,0.937,,,-0.565,,,,,,,,0.304,,,-0.444,,-0.157,1.03,,,0.804,-1.131,,,,,,-1.024,,,,0.121,,,,,0.149,-1.241,,,,,,,,0.658
CNP,,,,,,,,,,-0.117,,,,,,,,,,1,,,0.837,1.35,0.071,0.269,,0.35,,0.097,,,0.267,-0.906,,,,,,,,-0.277,,,1.423,,0.821,0.333,,,0.789,-0.367,0.356,,,,,-0.71,,,,-0.28,,,,,1.267,-1.173,,,,,,,,0.815
HUBB,,,,,,,,,,0.641,,,,,,,,,,1,,,-0.028,-0.39,-0.548,-0.083,0.797,,,0.947,,,,-0.52,,,,,,,,0.031,,,-0.297,,0.615,-0.334,,,0.759,0.102,,,,,,-0.35,,,,-1.19,,,,,1.281,-1.067,,,,,,,,-0.208
HUM,,,,,,,,,,-0.694,,,,,,,,,,1,,,0.05,-1.396,-0.432,0.242,,,,0.853,,,,-0.873,,,,,,,,0.122,,,0.068,,1.564,-0.626,,0.951,0.663,-1.728,,,,,,2.871,,,,1.162,,,,,0.026,-0.833,,,,,,,,1.103
JBHT,,,,,,,,,,0.161,,,,,,,,,,1,,,-0.151,1.727,-0.378,-0.037,,,,0.947,,,,-0.027,,,,,,,,-0.184,,,-0.545,,0.758,0.167,,,0.804,-0.568,,,,,,-0.213,,,,-0.496,,0.944,,,0.29,-1.243,,,,,,,,0.088
HBAN,,,,,,0.964,,,,-1.064,,,,,,,,,,1,,,1.349,-0.378,-0.264,0.552,,,,0.569,,,,-0.436,,,,,,,,-0.974,,,0.596,,1.076,1.134,,,0.75,0.445,,,,,,-1.967,,,,-0.633,,,,,-0.18,-1.041,,,,,,,,1.365
BIIB,,,,,,,,0.675,,0.248,,,,,,,,,,1,,,-0.699,-0.116,0.043,1.028,,,,0.475,,,,-1.116,,,,,,,,1.03,,,-0.411,,0.79,0.529,,,0.77,-2.244,,,,,,-0.225,,,,0.059,,,,,0.541,-1.103,,,,,,,,1.337
MOS,,,,,,,,,,-1.332,0.627,,,,,,,,,1,,,1.158,1.363,1.572,0.694,,,,0.191,,,,-0.392,,,,,,,,0.602,,,-0.235,,1.279,0.202,,,0.758,-1.509,,,,,0.619,-1.347,,,,0.561,,,,,-0.304,-1.769,,,,,,,,3.331
IEX,,,,,,,,,,1.226,,,,,,,,,,1,,,-0.005,-0.07,-0.652,-0.127,,,,0.853,,,,-0.355,,,,,0.974,,,-0.079,,,-0.315,,0.559,0.521,,,0.811,-0.504,,,,,,-0.562,,,,-0.891,,,,,-0.146,-1.284,,,,,,,,0.009
IDXX,,,,,,,,,,0.665,,,,,,,,,,1,,,-0.699,-0.132,-0.54,-0.277,,,,1.655,,,,-0.232,0.727,,,,,,,0.068,,,-0.439,,0.335,0.292,,,0.645,-1.487,,,,,,1.455,,,,-0.402,,,,,0.212,-0.796,,,,,,,,-0.459
ITW,,,,,0.068,,,,,0.231,,,,,,,,,,1,,,0.558,0.046,-0.772,-0.005,,,,0.191,,,,-0.799,,,,,0.73,,,0.478,,,0.681,,-0.556,0.115,,,0.319,-0.35,,,,,,0.457,,,,-0.802,,,,,0.844,-0.276,,,0.105,,,,,-0.448
TT,,,,,,,,,0.886,-0.341,,,,,,,,,,1,,,-0.211,-0.109,-0.456,-0.198,,,,1.655,,,,-0.277,,,,,,,,0.473,,,-0.283,,-0.087,-0.102,,,0.272,0.681,,,,,,-0.237,,,,-0.668,,,,,-0.01,-0.21,,,,,,,,-0.347
INTC,,,,,,,,,,-1.407,,,,,,,,,,1,,,-0.074,1.568,0.325,-1.172,,,,1.089,,,,1.221,,,,,,,,0.029,,,0.007,,1.323,0.02,,,0.285,-1.647,,,,,,-1.024,,,,0.608,,,0.933,,-0.134,-0.228,,,,,,,,2.38
IBM,,,,,,,,,,-0.654,,,,,,,,,,1,,0.009,1.006,0.404,-0.458,0.041,,,,0.9,,,,-1.091,,,,,,,0.491,0.855,,,0.961,,-0.104,-0.061,,,-0.142,0.077,,,,,,-0.356,,,,-0.103,,,,,0.954,0.36,,,,,,,,-0.242
IFF,,,,,,,,,,0.39,,,,,,,,,,1,,,0.326,-0.093,0.174,-0.783,,,,0.38,,,,-0.929,,,,,,,,-2.121,,,0.055,,0.323,0.965,,,0.771,-0.801,,,,0.079,,-1.337,,,,0.347,,,,,0.04,-1.107,,,0.706,,,,,1.172
IP,,,,,,,,,,-0.891,,,,0.255,,,,,0.741,1,,,1.168,1.442,-0.324,0.09,,,,0.9,,,,0.93,,,,,,,,1.235,,,-0.013,,1.436,1.017,,,0.8,0.764,,,,,,-0.849,,,,0.505,,,,,2.88,-1.22,,,,,,,,0.729
IPG,,,,,,,,,,-0.998,,,,,,,,,,1,,,1.864,-0.827,-0.515,0.821,,,,0.38,,,,-0.771,,,,,,,,0.49,,,0.335,,1.228,0.046,0.475,,0.813,-1.149,,,,,,-1.388,,,,-0.661,,,,,0.972,-1.559,,,,,,,,0.431
J,0.058,,,,,,,,,1.115,,0.08,,,,,0.74,,,1,,,-0.208,0.548,-0.607,0.104,,,,0.947,,,,-0.507,,,,,,,,0.586,,,-0.389,,0.344,0.127,,,0.813,0.095,,,,,,-0.585,,,,-0.646,,,,,0.255,-1.298,,,,,,,,0.225
JNJ,,,,,,,,,,-0.028,,,,,,,,,,1,,,1.184,0.722,-0.527,0.389,,,,-0.234,,,,-0.631,0.336,,,,,,,0.501,,,-0.365,,-0.587,0.403,,,-0.355,-0.799,,,,0.377,,0.229,,,,0.322,,,,,-0.139,0.698,,,,,,,,-0.045
KLAC,,,,,,,,,,-0.515,,,,,,,,,,1,,,-0.096,-0.489,-0.118,0.05,,,,0.097,,,,-0.04,,,,,,,,0.169,,,0.484,,0.169,-1.05,,,0.291,-0.882,,,,,,0.469,,,,-0.294,,,,0.993,0.0,-0.237,,,,,,,,-0.465
EVRG,,,,,,,,,,-0.885,,,,,,,,,,1,,,1.755,0.774,-0.925,0.46,,0.98,,0.191,,,,-0.734,,,,,,,,0.123,,,0.885,,0.949,0.981,,,0.821,-0.088,,,,,,-0.815,,,,-0.521,,,,,0.461,-1.405,,,,,,,,1.283
K,,,,,,,,,,-0.468,,,,,,,,,,1,,,0.941,-0.261,-0.806,0.061,,,,1.655,0.945,,,-0.779,,,,,,,,0.593,,,0.495,,0.796,1.033,,,0.724,0.176,,,,,,-0.556,,,,-0.233,,,,,-0.22,-0.972,,,,,,,,-0.183
APO,,,,,,,,,,0.076,,,,,,,,,,1,,1.074,-0.059,-0.312,1.719,0.231,,,,-0.423,,,,0.586,,,,,,,,-2.274,,,-0.091,,-0.325,-0.379,,,0.225,1.088,,,,,,-1.672,,,,-0.566,,,,,1.491,-0.145,,,,,,,,-0.097
KMB,,,,,,,,,,-0.166,,,,,,,,,,1,,,1.413,0.897,-0.89,0.325,,,,0.569,,,,-0.762,,,,,,,,0.571,,,1.094,,0.568,0.496,,,0.574,-0.638,,,,,,0.389,0.764,,,0.019,,,,,0.362,-0.667,,,,,,,,-0.436
KIM,,,,,,,,,,0.502,,,,,,,,,,1,,,1.598,0.344,-0.234,0.202,,,,-0.423,,,,-0.716,,,,,,,,-0.951,,,0.347,,0.447,0.681,,,0.814,0.14,,,,,,-1.112,,1.068,,-0.527,,,,,-0.015,-1.306,,,,,,,,0.952
MDLZ,,,,,,,0.031,,,-0.126,,,,,,,,,,1,,,1.055,-0.212,-0.609,0.219,,,,-0.187,0.968,,,-0.588,,,,,,,,0.481,,,-0.097,,0.144,-0.062,,,0.309,-1.001,,,,,,-0.889,,,,0.26,,,,,-0.32,-0.262,,,,,,,,0.362
KR,,,,,,,,,,-1.425,,,,,,,,,,1,,,0.557,1.368,-0.633,0.691,,,,0.805,,0.976,,-0.571,,,,,,,,0.539,,,0.68,,0.345,0.166,,,0.578,-0.154,,0.042,,,,1.157,,,,-0.087,,,,,-0.079,-0.674,,,,,,,,0.56
LRCX,,,,,,,,,,-1.847,,,,,,,,,,1,,,0.013,0.532,-0.324,0.122,,,,1.514,,,,-0.002,,,,,,,,0.305,,,-0.348,,0.456,-0.658,,,0.235,-1.177,,,,,,0.099,,,,-0.126,,,,1.097,-0.186,-0.159,,,,,,,,-0.344
LEN,,,,,,,,,,-0.965,,,,,,,,,,1,,0.026,-0.014,-0.605,-0.012,1.0,,,,-1.084,,,,-0.203,,,1.013,,,,,0.401,,,-0.782,,0.508,-0.326,,,0.581,-0.251,,,,,,-0.986,,,,0.62,,,,,0.382,-0.678,,,,,,,,1.135
LLY,,,,,,,,,,0.979,,,,,,,,,,1,,,-0.296,-1.432,-0.585,-0.352,,,,0.238,,,,0.957,,,,,,,,-0.226,,,0.617,,-0.995,-1.847,,,-0.421,-0.559,,,,1.122,,0.697,,,,0.604,,,,,-0.597,0.823,,,,,,,,-0.533
L,,,,,,,,,,-1.529,,,,,,,,,,1,,,-0.53,-0.346,0.387,0.864,,,,-1.273,,,,0.183,,,,,,0.644,,1.224,,0.043,0.084,,-0.561,-0.07,,,0.804,-0.184,,0.141,,,,-1.68,,,,-0.963,,,,,-0.087,-1.246,,,,,,,,2.032
LOW,,,,,,,,,,-0.062,,,,,,,,,,1,,,0.289,0.044,-0.386,0.091,,,,0.711,,,,-0.48,,,,,,,,1.029,,,1.816,,-0.307,0.391,,,0.017,-0.138,,,,,,1.417,,,,-0.055,,,,,0.278,0.138,,1.016,,,,,,-0.719
MGM,,,,,,,,,,0.31,,,,,,,,,,1,,,-0.699,0.474,1.849,0.54,,,,-0.187,,,,-0.439,,,,,,,,0.931,,1.151,2.505,,1.305,0.162,,,0.809,-1.218,,,,,,-0.923,,,,-0.545,,,,,1.583,-1.585,,,,,,,,0.454
EPAM,,,,,,,,,,-0.029,,,,,,,,,,1,,,-0.699,-0.324,-0.282,-0.01,,,,0.144,,,,-0.268,,,,,,,0.653,-0.047,,,-1.066,,0.912,0.709,,,0.821,-0.573,,,,,,-0.249,,,,0.137,,,,,-0.264,-1.412,,,,,,,,0.122
HST,,,,,,,,,,-1.045,,,,,,,,,,1,,,1.81,1.162,1.13,1.07,,,,-0.234,,,,-0.514,,,,,,,,0.513,,,0.231,,1.069,0.177,,,0.821,-0.791,,,,,,-1.2,,0.649,,-1.163,,,,,0.785,-1.452,,,,,,,,0.793
MMC,,,,,,,,,,0.176,,,,,,,0.263,,,1,,,0.156,-0.669,-0.502,0.018,,,,0.38,,,,-0.38,,,,,,0.339,,0.126,,,0.09,,-0.268,-0.379,,,0.192,-0.373,,,,,,-0.755,,,,-0.49,,,,,0.3,-0.1,,,,,,,,-0.221
MAS,,,,,,,,,0.72,-0.347,,,,,,,,,,1,,,0.144,0.507,-0.438,0.209,,,,-0.801,,,,-0.44,,,,,,,,0.778,,,1.297,,0.633,0.369,,,0.811,-0.21,,,,,,0.841,,,,-0.495,,,,,-0.096,-1.289,,,0.291,,,,,-0.525
MKC,,,,,,,,,,0.114,,,,,,,,,,1,,,0.576,-0.117,-0.932,-0.044,,,,0.9,0.924,,,-0.608,,,,,,,,0.189,,,-0.112,,0.588,1.12,,,0.777,-0.677,,,,,,-0.896,,,,0.146,,,,,-0.157,-1.126,,,,,,,,0.117
MCD,,,,,,,,,,1.358,,,,,,,,,,1,,,0.679,0.283,-0.684,-0.004,,,,0.05,,,,-0.576,,,,,,,,0.516,,,1.732,,0.094,0.121,,,-0.144,-0.502,,,,,,-0.236,,,0.756,0.018,,,,,0.096,0.364,,,,,,,,-0.632
SPGI,,,,,0.033,,,,,0.741,,,,,,,,,,1,,0.295,-0.283,-0.366,-0.655,-0.217,,,,0.9,,,,-0.329,,,,,,,0.292,-2.082,,,-0.588,,-0.233,0.352,,,-0.003,-0.219,,,,,,-0.854,,,,-0.588,,,,,0.109,0.165,,,,,,,,-0.024
MDT,,,,,,,,,,-0.929,,,,,,,,,,1,,,1.228,0.053,-0.907,0.334,,,,-1.179,,,,-0.685,0.886,,,,,,,0.513,,,-0.214,,0.128,1.102,,,0.186,-0.542,,,,,,-0.444,,,,-0.017,,,,,-0.169,-0.092,,,,,,,,0.627
CVS,,,,,,,,,,-1.364,,,,,,,,,,1,,,2.035,0.067,-0.183,1.244,,,,-0.612,,0.035,,-0.494,,0.745,,,,,,0.381,,,0.996,,0.798,0.354,,,0.389,-1.409,,,,,,-0.462,,,,0.777,,,,,-0.23,-0.376,,,,,,,,2.53
MRK,,,,,,,,0.046,,0.215,,,,,,,,,,1,,,1.086,-0.04,-0.17,0.668,,,,-0.092,,,,0.283,,,,,,,,0.245,,,-0.056,,-0.355,-0.469,,,-0.219,-1.408,,,,0.949,,0.404,,,,0.434,,,,,-0.372,0.475,,,,,,,,-0.111
ENPH,,,,,,,,,,-0.418,,,,,,,,,,1,,,-0.699,-0.104,0.861,-0.179,,,,0.522,,,,0.903,,,,,,,,-1.642,,,0.305,,2.209,0.826,,,0.799,-3.189,,,,,,-0.587,,,,2.914,,,,0.812,1.646,-1.636,,,,,,,,-0.336
MSFT,,,,,,,,,,0.572,,,,,,,,,,1,,,-0.248,0.489,-0.466,-0.188,,,,0.664,,,,-0.036,,,,,,,,-0.246,,,-0.603,,-1.032,-0.628,,,-0.421,-0.518,,,,,,0.264,,,,-0.664,,,,,-1.007,0.823,0.512,,,,,,,-0.353
MU,,,,,,,,,,-1.1,,,,,,,,,,1,,,-0.434,1.957,1.072,0.479,,,,0.191,,,,-0.241,,,,,,,,0.312,,,-0.577,,1.55,-0.086,,,0.177,-0.76,,,,,,-0.855,,,,-0.083,,,0.987,,0.112,-0.079,,,,,,,,0.466
MMM,,,,,,,,,,-0.22,,,0.111,,,,0.056,0.338,,1,,,0.54,0.113,-0.226,0.422,,,,1.561,,,,-1.007,0.228,,,,0.312,,,0.593,,,0.92,,0.551,1.567,,,0.381,0.099,,,,,,-0.07,,,,-0.005,,,,,-0.218,-0.364,,,,,,,,-0.358
PSX,,,,,,,,,,-0.827,,,,,,,,,,1,,,1.337,-0.168,1.012,0.522,,,,0.522,,,,-0.096,,,,,,,,0.306,,,0.025,,0.261,-0.746,,,0.513,-0.764,,1.074,,,,-0.031,,,,-0.105,,,,,0.073,-0.565,,,,,,,,1.168
MSI,,,,,,,,,,-0.665,,,,,0.491,,,,,1,,,-0.221,-0.259,-0.616,-0.254,,,,0.711,,,,-0.409,,,,,,,,0.276,,,1.07,,-0.063,-0.057,,,0.326,0.587,,,,,,0.269,,,,-0.444,,,,,-0.276,-0.285,,,,,,,,-0.525
VTRS,,,,,,,,,,-0.679,,,,,,,,,,1,,,1.565,1.827,0.961,1.169,,,,-0.423,,,,-1.173,,,,,,,,-0.858,,,0.689,,0.344,1.095,,,0.82,-0.077,,,,0.786,,-0.765,,,,-0.101,,,,,-0.457,-1.378,,,,,,,,2.929
BAC,,,,,,0.487,,,,-0.428,,,,,,,,,,1,,0.403,0.613,-1.145,-0.313,0.542,,,,0.05,,,,-0.166,,,,,,,,0.49,,,1.024,,-0.016,1.132,,,-0.346,0.216,,,,,,-1.978,,,,-0.268,,,,,-0.197,0.682,,,,,,,,1.5
NEM,,,,,,,,,,0.913,,,,,,,,,,1,,,0.684,-0.108,0.677,0.185,,,,0.616,,,,-0.69,,,,,,,,-0.583,,,-0.455,,0.689,0.863,,,0.551,-0.865,,,,,0.997,-1.367,,,,0.844,,,,,-0.615,-0.627,,,,,,,,1.088
NKE,,,,,,,,,,-0.17,,,,,,,,,,1,,,0.466,0.583,-0.424,0.024,,,,-1.179,,,,-0.331,,,,,,,,0.531,0.979,,-0.102,,0.773,0.415,,,0.155,-1.485,,,,,,1.236,,,,0.698,,,,,0.216,-0.05,,,,,,,,-0.203
NDSN,,,,,,,,,,0.519,,,,,,0.093,,,,1,,,0.005,-0.174,-0.659,-0.045,,,,-0.564,,,,-0.37,,,,,0.68,,,0.315,,,-0.333,,-0.412,0.244,,,0.821,-0.614,,,,,,-0.373,,,,-1.008,,,,,0.855,-1.399,,,,,,,,-0.054
NSC,,,,,,,,,,0.679,,,,,,,,,,1,,,0.495,0.309,-0.584,0.168,,,,-0.328,,,,-0.363,,,,,,,,0.643,,,0.375,,0.03,0.902,,,0.467,-0.282,,,,,,-1.187,,,,-0.357,,0.8,,,-0.248,-0.493,,,,,,,,0.059
ES,,,,,,,,,,1.164,,,,,,,,,,1,,,2.032,0.117,-0.292,0.028,,0.829,,0.38,,,0.148,-0.751,,,,,,,,-0.01,,,1.607,,0.313,1.379,,,0.775,-0.762,0.047,,,,,-1.486,,,,0.406,,,,,-0.098,-1.12,,,,,,,,1.262
NOW,,,,,,,,,,1.22,,,,,,,,,,1,,,-0.699,0.344,0.444,-0.537,,,,1.655,,,,0.469,,,,,,,,-0.898,,,-0.694,,0.074,-0.074,,,-0.178,0.736,,,,,,0.503,,,,0.12,,,,,-0.287,0.413,1.21,,,,,,,-0.479
XEL,,,,,,,,,,-0.464,,,,,,,,,,1,,,1.133,0.938,-0.899,0.263,,0.936,,0.522,,,0.027,-0.577,,,,,,,,0.101,,,0.958,,0.623,0.694,,,0.615,0.043,,,,,,-1.04,,,,0.24,,,,,1.187,-0.74,,,,,,,,0.73
NTRS,,,,,,,,,,0.107,,,,,,,,,,1,,1.091,0.898,0.031,-0.295,0.599,,,,-0.328,,,,-0.428,,,,,,,,0.599,,,0.147,,0.301,1.487,,,0.781,0.243,,,,,,-1.823,,,,-0.766,,,,,0.674,-1.142,,,,,,,,0.958
NOC,0.902,,,,,,,,,-0.754,,,,,,,,,,1,,,0.306,0.3,-0.424,0.149,,,,0.002,,,,-0.569,,,,,,,,0.584,,,0.283,,0.3,-0.097,,,0.385,-0.501,,,,,,-0.997,,,,-0.021,,,,,-0.509,-0.37,,,,,,,,0.058
WFC,,,,,,0.892,,,,-0.587,,,,,,,,,,1,,0.107,0.583,-0.466,-0.102,0.588,,,,-1.556,,,,-0.432,,,,,,,,0.855,,,0.879,,-0.033,0.733,,,-0.192,0.649,,,,,,-1.94,,,,0.188,,,,,0.047,0.434,,,,,,,,1.252
NUE,,,1.024,,,,,,,-0.271,,,,,,,,,,1,,,0.144,0.71,0.973,0.588,,,,0.711,,,,-0.124,,,,,,,,0.127,,,-0.522,,0.382,-0.893,,,0.676,-1.073,,,,,,-0.675,,,,-0.269,,,,,0.269,-0.861,,,,,,,,1.13
NXPI,,,,,,,,,,-1.172,,,,,,,,,,1,,,0.378,-0.297,0.498,0.278,,,,1.655,,,,-0.081,,,,,,,,0.193,,,0.139,,0.621,-0.079,,,0.486,-0.957,,,,,,-0.073,,,,-0.302,,,0.949,,0.193,-0.523,,,,,,,,-0.145
LYB,,,,,,,,,,-1.252,0.919,,,,,,,,,1,,,2.809,0.901,0.129,1.12,,,,0.333,,,,-0.339,,,,,,,,0.467,,,0.341,,0.453,-0.248,,,0.748,-1.281,,0.027,,,,-0.771,,,,-0.517,,,,,0.464,-1.036,,,,,,,,1.034
PANW,,,,,,,,,,0.967,,,,,,,,,,1,,,-0.699,1.009,0.681,-0.397,,,,0.711,,,,0.289,,,,,,,,-0.348,,,-0.671,,0.803,-0.529,,,0.101,0.409,,,,,,0.225,,,,-0.253,,,,,0.982,0.023,1.21,,,,,,,-0.46
OXY,,,,,,,,,,-0.137,0.056,,,,,,,,,1,,,0.343,2.557,1.751,0.739,,,,-0.281,,,,-0.511,,,,,,,,0.915,,,0.739,,1.264,-0.874,,,0.568,-1.463,,0.598,0.591,,,-0.701,,,,0.2,,,,,0.656,-0.657,,,,,,,,1.005
ODFL,,,,,,,,,,1.071,,,,,,,,,,1,,,-0.39,0.611,-0.229,-0.215,,,,0.475,,,,-0.199,,,,,,,,0.166,,,-1.058,,0.178,-0.747,,,0.579,-0.192,,,,,,1.937,,,,-0.182,,1.193,,,1.261,-0.676,,,,,,,,-0.319
UDR,,,,,,,,,,0.104,,,,,,,,,,1,,,1.507,0.968,-0.182,-0.227,,,,-1.32,,,,0.104,,,,,,,,0.314,,,0.726,,0.59,1.253,,,0.82,-0.252,,,,,,-0.89,,1.159,,-0.659,,,,,0.539,-1.389,,,,,,,,0.035
OMC,,,,,,,,,,-0.926,,,,,,,,,,1,,,0.984,-0.666,-0.747,0.873,,,,-0.848,,,,-0.623,,,,,,,,0.703,,,0.711,,0.761,0.216,0.409,,0.806,-0.324,,,,,,-1.176,,,,-0.784,,,,,1.829,-1.255,,,,,,,,0.123
CPAY,,,,,,,,,,0.498,,,,,,,,,,1,,0.879,-0.699,1.022,-0.481,0.235,,,,-1.273,,,,-0.003,,,,,,,,0.361,,,0.652,,0.465,0.704,,,0.751,0.447,,,,,,-0.496,,,,-0.584,,,,,0.409,-1.044,,,,,,,,-0.247
OKE,,,,,,,,,,0.661,,,,,,,,,,1,,,1.442,-0.081,0.013,0.208,,,,1.325,,,,-0.272,,,,,,,,-0.417,,,0.803,,0.067,-0.065,,,0.446,0.859,,0.51,0.349,,,-1.283,,,,0.028,,,,,0.999,-0.46,,,,,,,,0.177
ORCL,,,,,,,,,,0.366,,,,,,,,,,1,,,-0.202,0.253,-0.554,-0.182,,,,0.286,,,,-0.218,,,,,,,0.011,0.158,,,1.25,,-1.419,-0.238,,,-0.421,0.799,,,,,,0.069,,,,0.079,,,,,-0.071,0.823,0.695,,,,,,,-0.52
PHM,,,,,,,,,,-1.106,,,,,,,,,,1,,,-0.328,-1.732,0.169,1.219,,,,0.522,,,,-0.237,,,1.048,,,,,0.408,,,-0.775,,0.668,-0.845,,,0.744,0.141,,,,,,-0.329,,,,0.249,,,,,0.302,-1.024,,,,,,,,0.659
PNC,,,,,,0.919,,,,-0.614,,,,,,,,,,1,,0.011,1.08,-1.037,-0.344,0.464,,,,0.711,,,,-0.279,,,,,,,,0.313,,,0.722,,-0.214,1.228,,,0.318,0.428,,,,,,-1.959,,,,-0.503,,,,,-0.306,-0.274,,,,,,,,1.058
PPG,,,,,,,,,,0.159,,,,,,,,,,1,,,0.57,-0.002,-0.735,0.417,,,,1.089,,,,-0.531,,,,,,,,0.2,,,0.087,,0.536,0.348,,,0.713,-1.062,,,,,,-0.273,,,,-0.762,,,,,-0.175,-0.943,,,0.896,,,,,0.201
PCAR,,,,,0.061,,,,,-1.794,,,0.496,,,,,,,1,,0.204,0.547,-1.124,0.145,0.588,,,,0.002,,,,-0.367,,,,,,,,-0.118,,,0.074,,-0.115,-0.519,,,0.449,-0.029,,,,,,-0.837,,,,-0.667,,,,,0.675,-0.465,,,,,,,,0.312
PCG,,,,,,,,,,0.713,,,,,,,,,,1,,,-0.506,0.411,2.39,0.59,,0.901,,-0.753,,,0.043,-0.708,,,,,,,,-1.467,,,1.824,,0.41,-0.2,,,0.591,-0.03,,,,,,-0.603,,,,0.023,,,,,0.039,-0.696,,,,,,,,1.115
PTC,,,,,,,,,,0.734,,,,,,,,,,1,,,-0.699,-1.221,-0.42,-0.29,,,,0.9,,,,-0.126,,,,,,,,-0.163,,,-0.392,,0.469,-0.228,,,0.761,-0.27,,,,,,-0.094,,,,-1.179,,,,,0.69,-1.073,0.624,,,,,,,-0.228
PH,0.404,,,,,,,,,-0.448,,,,,,,,,,1,,,-0.145,-0.332,-0.365,-0.048,,,,-0.47,,,,-0.347,,,,,0.708,,,-0.164,,,-0.251,,-0.009,-0.291,,,0.283,0.589,,,,,,-0.539,,,,-0.836,,,,,-0.295,-0.226,,,,,,,,-0.174
PAYX,,,,,,,,,,2.002,,,,,,,0.76,,,1,,,0.908,-0.721,-0.74,-0.097,,,,0.38,,,,-0.561,,,,,,,,0.185,,,-0.601,,0.106,0.31,,,0.518,-0.054,,,,,,0.883,,,,-0.603,,,,,2.032,-0.573,,,,,,,,-0.376
PPL,,,,,,,,,,-0.559,,,,,,,,,,1,,,1.11,0.284,-0.117,0.159,,0.512,,-0.848,,,,-0.773,,,,,,,,0.961,,,0.721,,0.646,0.723,,,0.757,0.038,0.429,,,,,-0.835,,,,-0.308,,,,,0.378,-1.061,,,,,,,,0.957
PNR,,,,,,,,,,0.29,,,,,,,,,,1,,,-0.199,-0.398,-0.551,0.022,,,,1.514,,,,-0.211,,,,,0.687,,,-0.104,,,-0.385,,0.829,0.319,,,0.807,0.568,,,,,,-0.64,,,,-0.847,,,,,-0.436,-1.263,,,,,,0.249,,-0.045
PEP,,,,,,,0.752,,,-0.072,,,,,,,,,,1,,,1.284,0.087,-0.777,0.179,,,,0.333,0.119,,,-0.548,,,,,,,,0.244,,,0.738,,-0.107,0.117,,,-0.152,-0.974,,,,,,0.66,,,,0.181,,,,,-0.053,0.375,,,,,,,,-0.287
PFE,,,,,,,,,,-0.006,,,,,,,,,,1,,,2.809,0.304,0.561,0.79,,,,-0.092,,,,-0.505,,,,,,,,-0.055,,,0.081,,0.552,0.926,,,0.041,-1.364,,,,0.966,,-0.638,,,,0.47,,,,,0.119,0.105,,,,,,,,1.093
EXC,,,,,,,,,,0.855,,,,,,,,,,1,,,1.651,0.757,-0.382,0.567,,0.984,,0.522,,,,-1.135,,,,,,,,0.755,,,1.501,,0.571,0.087,,,0.635,-0.568,,,,,,-0.981,,,,-0.069,,,,,0.635,-0.777,,,,,,,,1.345
MO,,,,,,,0.818,,,1.448,,,,,,,,,,1,,,2.809,-1.316,-0.379,1.072,,,,-0.234,,,,-0.651,,,,,,,,1.011,,,1.567,,0.271,0.491,,,0.248,0.252,,,,,,0.239,,,,0.358,,,,,0.791,-0.177,,,,,,,,-0.648
COP,,,,,,,,,,-0.164,,,,,,,,,,1,,,1.188,1.883,1.139,0.835,,,,0.711,,,,-0.19,,,,,,,,-0.35,,,-0.448,,0.098,-1.046,,,0.141,-0.753,,,0.892,,,-0.505,,,,0.573,,,,,0.174,-0.03,,,,,,,,0.576
PNW,,,,,,,,,,-0.541,,,,,,,,,,1,,,1.563,0.876,-0.749,0.29,,0.997,,0.475,,,,-0.712,,,,,,,,0.077,,,1.172,,1.2,0.389,,,0.802,0.006,,,,,,-1.013,,,,-0.52,,,,,2.385,-1.623,,,,,,,,1.157
BRO,,,,,,,,,,0.347,,,,,,,,,,1,,,-0.382,-0.415,-0.409,-0.061,,,,-0.659,,,,-0.242,,,,,,0.819,,-0.183,,,-0.254,,-0.019,-0.139,,,0.709,0.357,,,,,,0.041,,,,-0.454,,,,,0.257,-0.935,,,,,,,,-0.011
TROW,,,,,,,,,,0.001,,,,,,,,,,1,,0.798,1.64,-0.064,-0.573,0.657,,,,0.475,,,,-0.805,,,,,,,,0.253,,,-1.063,,0.204,1.222,,,0.729,-0.481,,,,,,0.238,,,,-1.216,,,,,1.287,-0.984,,,,,,,,0.418
C,,,,,,0.321,,,,-0.141,,,,,,,,,,1,,0.317,1.141,-0.264,0.238,0.696,,,,0.144,,,,-0.039,,,,,,,,0.418,,,1.661,,0.591,1.269,,,0.068,0.091,,,,,,-1.952,,,,-0.578,,,,,-0.586,0.069,,,,,,,,3.293
PG,,,,,,,,,,0.718,,,,,,,,,,1,,,0.653,-0.193,-0.912,-0.022,,,,0.097,,,,-0.632,,,,,,,,0.571,,,-0.291,,-0.605,0.058,,,-0.398,-0.44,,,,,,-0.073,0.884,,,0.412,,,,,-0.173,0.777,,,,,,,,-0.226
PGR,,,,,,,,,,-0.279,,,,,,,,,,1,,,-0.346,-0.653,-0.164,0.282,,,,-0.139,,,,-0.041,,,,,,1.048,,0.133,,,-0.494,,-0.292,-0.653,,,0.041,0.435,,,,,,0.759,,,,0.172,,,,,0.056,0.105,,,,,,,,-0.023
PEG,,,,,,,,,,0.662,,,,,,,,,,1,,,0.864,0.319,-0.37,0.123,,,,1.041,,,,-0.602,,,,,,,,0.494,,,0.536,,0.227,0.387,,,0.586,0.268,0.965,,,,,-0.755,,,,0.033,,,,,0.357,-0.687,,,,,,,,0.4
MPC,,,,,,,,,,-0.945,,,,,,,,,,1,,,0.674,0.533,1.493,0.692,,,,-0.659,,,,-0.259,,,,,,,,2.019,,,0.6,,0.465,-1.748,,,0.54,-0.813,,1.073,,,,-0.131,,,,0.297,,,,,0.369,-0.609,,,,,,,,0.781
RJF,,,,,,,,,,-0.665,,,,,,,,,,1,,1.287,-0.043,-0.459,-0.225,0.463,,,,0.947,,,,-0.306,,,,,,,,-0.226,,,-0.29,,0.146,0.36,,,0.678,0.611,,,,,,-0.327,,,,-0.47,,,,,0.606,-0.864,,,,,,,,0.397
REGN,,,,,,,,0.837,,0.545,,,,,,,,,,1,,,-0.699,-0.679,0.239,0.326,,,,0.286,,,,-0.396,,,,,,,,-0.415,,,-0.997,,0.254,-0.819,,,0.293,-1.776,,,,,,0.237,,,,0.193,,,,,-0.517,-0.239,,,,,,,,0.312
ROK,,,,,,,,,,0.884,,,,,,,0.046,,,1,,,0.327,-0.523,-0.602,-0.169,0.308,,,0.427,,,,-0.338,,,,,,,,0.015,,,-0.008,,0.509,0.107,,,0.675,-0.691,,,,,,-0.327,,,,-0.613,,,,,1.011,-0.858,0.303,,,,,,,-0.28
ROL,,,,,,,,,,1.501,,,,,,,1.017,,,1,,,0.084,-0.188,-0.536,-0.346,,,,-0.753,,,,-0.252,,,,,,,,0.062,,,-0.342,,-0.765,0.155,,,0.761,-0.287,,,,,,0.893,,,,-0.34,,,,,-0.287,-1.074,,,,,,,,-0.422
ROST,,,,0.829,,,,,,-0.083,,,,,,,,,,1,,,-0.126,-0.235,-0.165,0.02,,,,-0.895,,,,-0.376,,,,,,,,0.164,,,-0.007,,0.739,-0.231,,,0.515,-0.61,,,,,,0.296,,,,-0.399,,,,,-0.194,-0.568,,,,,,,,-0.263
TRV,,,,,,,,,,-0.435,,,,,,,,,,1,,,0.255,-0.485,-0.457,0.773,,,,0.05,,,,-0.265,,,,,,1.06,,0.682,,,-0.378,,0.261,0.331,,,0.48,0.173,,,,,,-0.859,,,,0.014,,,,,-0.196,-0.513,,,,,,,,0.882
SLB,,,,,,,,,,1.852,,,,,,,0.138,,,1,,,0.85,0.363,0.435,0.832,,,0.637,0.333,,,,-0.236,,,,,,,,0.523,,,-0.198,,0.659,-1.106,,,0.469,-1.192,,,,,,-0.967,,,,-0.2,,,,,0.49,-0.496,,,,,,0.138,,0.474
SCHW,,,,,,,,,,0.627,,,,,,,,,,1,,1.312,0.036,-0.037,-0.22,0.006,,,,-0.423,,,,0.121,,,,,,,,-0.328,,,0.475,,-0.203,0.924,,,0.022,0.019,,,,,,-1.967,,,,0.171,,,,,-0.516,0.13,,,,,,,,0.095
MSCI,,,,,,,,,,0.0,,,,,,,,,,1,,0.571,-0.065,0.092,-0.384,-0.262,,,,0.0,,,,-0.101,,,,,,,,0.475,,,1.553,,0.351,0.151,,,0.534,-0.283,,,,,,0.361,,,,-0.156,,,,,-0.667,-0.599,,,,,,,,-0.621
SHW,,,,,,,,,,0.562,,,,,,,,,,1,,,-0.25,0.031,-0.728,-0.173,,,,0.002,,,,-0.313,,,,,,,,0.199,,,0.868,,0.549,0.415,,,0.251,0.058,,,,,,0.464,,,,-0.491,,,,,0.389,-0.18,,0.164,0.671,,,,,-0.435
AOS,,,,,,,,,0.801,-0.021,,,,,,,,,,1,,,0.361,-0.345,-0.467,0.248,,,,-0.801,,,,-0.389,,,,,,,,0.604,,,-0.875,,0.637,-0.211,,,0.806,-1.059,,,,,,0.455,,,,-0.537,,,,,0.13,-1.599,,,,,,,,-0.068
SJM,,,,,,,,,,-0.466,,,,,,,,,,1,,,1.442,0.097,-0.459,0.573,,,,-0.092,0.997,,,-0.785,,,,,,,,0.298,,,0.476,,1.173,0.593,,,0.818,-1.055,,,,,,-1.052,,,0.107,0.038,,,,,0.399,-1.508,,,,,,,,1.106
SNA,,,,,,,,,,0.587,,,,,,,0.223,,,1,,0.062,0.633,-0.603,-0.689,0.291,,,,-0.564,,,,-0.632,,,,,0.512,,,0.322,,,-0.724,,0.415,-0.038,,,0.802,0.358,,,,,,-0.199,,,,-1.025,,,,,1.561,-1.234,,,,,,,,0.217
KEY,,,,,,1.103,,,,-1.125,,,,,,,,,,1,,,1.81,-0.506,-0.216,0.16,,,,-0.281,,,,0.057,,,,,,,,0.176,,,0.995,,1.216,1.342,,,0.805,0.315,,,,,,-2.023,,,,-0.707,,,,,0.163,-1.247,,,,,,,,1.522
EIX,,,,,,,,,,1.142,,,,,,,,,,1,,,1.471,0.721,-0.284,0.382,,0.996,,0.286,,,,-0.511,,,,,,,,0.142,,,1.803,,0.188,0.342,,,0.685,-0.101,,,,,,-0.904,,,,-0.134,,,,,0.153,-0.88,,,,,,,,0.631
SO,,,,,,,,,,-0.42,,,,,,,,,,1,,,1.243,0.562,-0.667,0.234,,0.724,,-0.328,,,0.243,-0.614,,,,,,,,0.291,,,1.128,,-0.219,0.233,,,0.256,-0.092,,,,,,-0.822,,,,0.278,,,,,0.699,-0.188,,,,,,,,0.391
TFC,,,,,,0.877,,,,-0.818,,,,,,,,,,1,,,1.871,-0.477,0.279,-0.577,,,,0.238,,,,-0.365,,,,,,0.064,,0.484,,,0.505,,0.223,1.455,,,0.441,0.102,,,,,,-2.058,,,,-0.51,,,,,-0.055,-0.453,,,,,,,,1.934
LUV,,0.913,,,,,,,,-1.152,,,,,,,,,,1,,,0.56,0.883,1.562,-0.149,,,,-2.312,,,,0.675,,,,,,,,-0.491,,,0.013,,1.328,2.023,,,0.792,-0.326,,,,,,0.342,,,,0.103,,,,,1.63,-1.186,,,,,,,,0.969
T,,,,,,,,,,-0.646,,,,,,,,,,1,,,2.062,1.36,0.426,0.823,,,,-0.942,,,,-1.279,,,,,,,,0.883,,,1.002,,0.05,0.942,,,-0.031,0.333,,,,,,-0.832,,,,0.71,,,,,0.325,0.204,,,,,0.986,,,1.114
SWK,,,,,,,,,,-0.213,,,,,,,,,,1,,,1.466,0.833,0.161,-0.092,,,,-0.848,,,,-0.185,,,,,0.926,,,0.421,,,0.2,,0.843,0.904,,,0.82,-0.987,,,,,,-1.009,,,,0.046,,,,,0.251,-1.472,,,,,,,,1.344
META,,,,,,,,,,-0.028,,,,,,,,,,1,,,-0.495,0.325,-0.129,0.004,,,,-2.029,,,,-0.01,,,,,,,1.005,0.009,,,-0.67,,0.03,-0.805,,,-0.421,0.541,,,,,,0.841,,,,0.276,,,,,-0.551,0.823,,,,,,,,-0.299
STT,,,,,,,,,,-0.081,,,,,,,,,,1,,1.145,1.101,0.2,-0.441,0.912,,,,0.616,,,,-0.272,,,,,,,,0.597,,,0.739,,0.609,0.633,,,0.71,0.131,,,,,,-0.742,,,,-0.599,,,,,-0.052,-0.938,,,,,,,,1.575
PSA,,,,,,,,,,0.535,,,,,,,,,,1,,,1.361,0.46,-0.224,0.033,,,,-0.659,,,,-0.519,,,,,,,,-0.165,,,0.872,,-0.495,0.77,,,0.471,-0.217,,,,,,-0.561,,1.083,,0.202,,,,,-0.071,-0.499,,,,,,,,-0.346
SYK,,,,,,,,,,-0.728,,,,,,,,,,1,,,-0.203,-0.541,-0.666,-0.166,,,,-0.234,,,,-0.309,0.965,,,,,,,0.226,,,-0.165,,-0.664,0.194,,,0.038,0.01,,,,,,-0.129,,,,-0.185,,,,,0.17,0.109,,,,,,,,-0.206
GEN,,,,,,,,,,0.503,,,,,,,,,,1,,,0.244,1.226,0.71,0.393,,,,0.427,,,,-0.569,,,,,,,,-0.005,,,1.407,,0.165,1.055,,,0.804,0.258,,,,,,-0.211,,,,-0.481,,,,,0.62,-1.243,0.57,,,,,,,-0.266
SYY,,,,,,,,,,-0.747,,,,,,,,,,1,,,0.822,0.11,-0.089,0.28,,,,0.238,,0.803,,-0.254,,,,,,,,0.384,,,1.327,,0.523,0.601,,,0.615,-0.681,,,,,,1.153,,,,-0.295,,,,,1.191,-0.74,,,,,,,,-0.095
TJX,,,,0.571,,,,,,-0.205,,,,,,,,,,1,,,0.015,-0.183,-0.134,-0.092,,,,-0.187,,,,-0.419,,,,,,,,0.301,,,0.281,,0.07,-0.319,,,0.047,-0.043,,,,,,0.843,,,,-0.492,,,,,0.023,0.096,,0.09,,,,,,-0.371
TECH,,,,,,,,0.837,,0.677,,,,,,,,,,1,,,-0.457,0.001,-0.486,-0.354,,,,0.238,,,,-0.28,,,,,,,,0.123,,,-0.853,,-0.048,1.284,,,0.818,-1.044,,,,,,-0.205,,,,0.294,,,,,0.424,-1.507,,,,,,,,-0.125
TFX,,,,,,,,,,-0.203,,,,,,,,,,1,,,-0.283,0.07,-0.778,0.392,,,,0.475,,,,-0.627,1.008,,,,,,,0.402,,,-0.378,,0.686,1.153,,,0.771,-1.417,,,,,,-0.536,,,,0.211,,,,,0.872,-1.734,,,,,,,,0.803
TER,,,,,,,,,,-0.984,,,,,,0.061,,,,1,,,-0.447,0.175,-0.304,-0.138,,,,0.097,,,,0.344,,,,,0.225,,,0.554,,,-1.074,,1.053,0.434,,,0.799,-1.318,,,,,,0.318,,,,-0.737,,,,0.55,-0.226,-1.219,,,,,,,,-0.181
TXN,,,,,,,,,,-0.708,,,,,,,,,,1,,,0.903,-0.353,-0.495,-0.201,,,,1.655,,,,-0.438,,,,,,,,-0.571,,,-0.119,,0.133,0.697,,,-0.044,-0.338,,,,,,0.031,,,,-0.384,,,0.642,,0.059,0.222,,,,,,,,-0.322
TPL,,,,,,,,,,2.615,,,,,,,,,,1,,,-0.463,-0.847,-0.17,-0.332,,,,-0.376,,,,2.563,,,,,,,,0.203,,,-1.163,,-0.533,0.119,,,0.706,2.192,0.17,,0.738,,,0.979,,,,1.648,,,,,1.78,-0.928,,,,,,,,-0.498
TXT,0.52,,,,0.048,,,,,-1.896,,,,,,,,,,1,,,-0.644,-0.167,-0.422,0.571,,,,-0.187,,,,-0.268,,,,,,,,0.674,,,-0.18,,0.285,-0.25,,,0.819,-0.787,,,,,,-0.931,,,,-1.19,,,,,0.195,-1.366,,,,,,,,0.745
TMO,,,,,,,,0.768,,-0.188,,,,,,,,,,1,,,-0.528,0.111,-0.452,-0.035,,,,-1.273,,,,-0.36,,,,,,,,-0.09,,,-0.159,,-0.313,0.583,,,-0.121,-1.136,,,,,,-0.851,,,,0.155,,,,,-0.738,0.331,,,,,,,,0.061
GL,,,,,,,,,,-0.002,,,,,,,,,,1,,0.401,-0.169,-0.683,-0.727,1.499,,,,-1.462,,,,-0.339,,,,,,,,0.776,,,-0.135,0.532,0.98,-0.018,,,0.786,-0.348,,,,,,-1.46,,,,0.304,,,,,0.159,-1.687,,,,,,,,0.937
TRMB,,,,,,,,,,-0.618,,,,,,0.639,,,,1,,,-0.699,-0.335,-0.741,-0.146,,,,0.947,,,,-0.456,,,,,,,,0.326,,,-0.187,,-0.067,1.308,,,0.806,0.18,,,,,,-0.461,,,,-1.119,,,,,-0.172,-1.253,,,,,,,,0.084
TYL,,,,,,,,,,0.595,,,,,,,0.109,,,1,,,-0.699,0.25,-0.645,-0.487,,,,0.144,,,,-0.115,,,,,,,,-0.251,,,-0.778,,0.266,0.428,,,0.737,0.282,,,,,,-0.895,,,,-0.224,,,,,0.388,-1.006,0.539,,,,,,,-0.259
TSN,,,,,,,,,,-1.928,,,,,,,,,,1,,,1.128,0.721,0.064,0.223,,,,-0.47,0.944,,,-0.064,,,,,,,,0.467,,,0.038,,0.7,1.388,,,0.775,-0.294,,,,,,-0.788,,,,0.311,,,,,-0.298,-1.119,,,,,,,,1.918
WM,,,,,,,,,,0.11,,,,,,,0.938,,,1,,,0.105,0.792,-0.615,-0.088,,,,-0.234,,,,-0.27,,,,,,,,0.294,,,0.746,,-0.102,0.037,,,0.286,-0.181,,,,,,-0.672,,,,-0.461,,,,,0.006,-0.23,,,,,,,,-0.312
UNP,,,,,,,,,,0.847,,,,,,,,,,1,,,0.609,0.064,-0.728,0.18,,,,0.475,,,,-0.385,,,,,,,,0.661,,,0.706,,-0.305,0.301,,,0.045,-0.699,,,,,,-0.727,,,,-0.335,,0.752,,,0.083,0.1,,,,,,,,-0.258
UNH,,,,,,,,,,-0.168,,,,,,,,,,1,,,0.152,-0.57,-0.591,0.057,,,,-0.234,,,,-0.284,0.133,,,,,,,-0.056,,,-0.087,,-0.447,-0.247,,0.805,-0.421,-0.183,,,,,,2.071,,,,0.911,,,,,-0.149,0.823,,,,,,,,0.022
RTX,0.924,,,,,,,,,-1.279,,,,,,,,,,1,,,0.545,0.276,0.615,0.09,,,,0.238,,,,-0.884,,,,,,,,-0.158,,,-0.037,,-0.005,0.484,,,0.004,-0.025,,,,,,-1.46,,,,0.154,,,,,0.286,0.155,,,,,,,,0.516
UHS,,,,,,,,,,-0.993,,,,,,,,,,1,,,-0.465,0.537,-0.488,0.915,,,,-3.068,,,,-0.001,,1.019,,,,,,0.889,,,0.144,,1.209,0.423,,,0.82,-0.21,,,,,,1.955,,,,0.478,,,,,0.117,-1.487,,,,,,,,0.964
VLO,,,,,,,,,,-1.224,0.048,,,,,,,,,1,,,1.129,0.846,1.235,0.773,,,,0.522,,,,-0.417,,,,,,,,0.864,,,-0.315,,0.716,-0.769,,,0.596,-0.81,,1.164,,,,0.051,,,,0.378,,,,,0.681,-0.705,,,,,,,,1.318
VTR,,,,,,,,,,-0.454,,,,,,,,,,1,,,0.987,0.86,0.083,-0.451,,,,-0.659,,,,1.056,,,,,,,,0.321,,,0.808,,0.294,0.763,,,0.739,0.294,,,,,,-1.443,,1.173,,0.041,,,,,1.76,-1.009,,,,,,,,0.402
VRTX,,,,,,,,0.764,,0.984,,,,,,,,,,1,,,-0.699,-0.921,-0.078,-0.296,,,,0.805,,,,1.722,,,,,,,,-0.605,,,-0.952,,-0.099,-0.733,,,0.128,-0.348,,,,,,0.397,,,,0.344,,,,,-0.5,-0.014,,,,,,,,-0.245
PARA,,,,,,,,,,-1.216,,,,,,,,,,1,,,0.353,-0.871,1.252,-0.415,,,,0.286,,,,-0.466,,,,,,,,0.287,,,1.25,,1.665,1.57,1.507,,0.75,-1.264,,,,,,-1.173,,,,1.141,,,,,2.416,-1.788,,,,,,,,3.463
VMC,,,,,,,,,,0.684,,,,1.069,,,,,,1,,,-0.315,0.574,-0.502,-0.206,,,,0.286,,,,0.015,,,,,,,,-0.083,,,-0.379,,0.35,-0.058,,,0.644,-0.058,,,,,,-1.071,,,,-0.916,,,,,0.409,-0.795,,,,,,,,-0.008
LNT,,,,,,,,,,-0.429,,,,,,,,,,1,,,1.14,0.062,-0.923,0.178,,0.834,,0.711,,,0.079,-0.665,,,,,,,,0.149,,,0.789,,0.537,0.627,,,0.818,-0.085,0.072,,,,,-0.798,,,,-0.063,,,,,1.124,-1.351,,,,,,,,0.606
WMT,,,,,,,,,,-0.366,,,,,,,,,,1,,,-0.35,0.603,-0.808,-0.215,,,,-0.47,,0.927,,-0.409,,,,,,,,0.381,,,-0.258,,-1.519,0.036,,,-0.421,0.534,,,,,,1.2,,,,0.254,,,,,-0.301,0.823,,,,,,,,-0.132
WBA,,,,,,,,,,-0.566,,,,,,,,,,1,,,2.809,1.419,1.424,-0.024,,,,0.097,,0.635,,-1.494,,0.013,,,,,,0.45,,,2.179,,1.78,1.166,,,0.779,-3.106,,,,,,-0.039,,,,2.284,,,,,2.55,-1.708,,,,,,,,3.312
WST,,,,,,,,0.658,,-0.079,,,,,,,,,,1,,,-0.549,0.161,-0.357,-0.327,,,,0.947,,,,-0.292,,,,,,,,-0.248,,,-0.936,,0.443,-0.089,,,0.767,-0.872,,,,,,-0.277,,,,0.536,,,,,-0.079,-1.093,,,,,,,,-0.264
WDC,,,,,,,,,,-2.215,,,,,,1.183,,,,1,,,-0.699,-0.895,1.779,0.71,,,,0.853,,,,-1.179,,,,,,,,0.445,,,-0.129,,1.502,0.73,,,0.761,-0.5,,,,,,-1.234,,,,-0.296,,,,,0.427,-1.074,,,,,,,,0.739
WY,,,,,,,,,,-2.168,,,,,,,,,,1,,,0.773,0.09,0.352,0.073,,,,0.522,,,,1.067,,,,,,,,0.414,,,-0.28,,-0.113,0.335,,,0.773,-0.808,,,,,,-1.366,,0.839,,-0.123,,,,,0.506,-1.112,,,,,,,,0.576
WMB,,,,,,,,,,1.012,,,,,,,,,,1,,,1.299,0.373,-0.125,0.013,,,,0.947,,,0.095,-0.307,,,,,,,,0.241,,,0.917,,0.138,-0.15,,,0.408,0.904,,0.67,,,,-0.616,,,,-0.075,,,,,-0.09,-0.403,,,,,,,,-0.083
WEC,,,,,,,,,,-0.283,,,,,,,,,,1,,,1.316,0.354,-0.862,0.187,,0.135,,0.097,,,0.181,-0.607,,,,,,,,0.248,,,0.769,,0.579,0.715,,,0.697,-0.09,0.659,,,,,-0.971,,,,-0.144,,,,,1.988,-0.907,,,,,,,,0.474
ZBRA,,,,,,,,,,-1.898,,,,,,0.719,,,,1,,,-0.699,-0.426,-0.357,-0.164,,,,0.191,,,,-0.249,,,,,,,,0.074,,,-0.204,,0.291,1.485,,,0.787,0.221,,,,,,-0.423,,,,-0.928,,,,,0.133,-1.164,,,,,,,,-0.136
QCOM,,,,,,,,,,-1.023,,,,,,,,,,1,,,0.541,-0.024,-0.207,0.491,,,,0.191,,,,-0.614,,,,,,,,0.259,,,-0.337,,0.363,0.369,,,-0.045,-0.787,,,,,,0.38,,,,-0.223,,,0.932,,-0.59,0.224,,,,,,,,-0.172
ROP,,,,,,,,,,0.862,,,,,,,,,,1,,,-0.361,-0.024,-0.735,-0.156,,,,-0.187,,,,-0.669,,,,,,,,-0.037,,,-0.417,,0.046,-0.123,,,0.46,-0.586,,,,,,-0.55,,,,-1.092,,,,,-0.152,-0.482,0.357,,,,,,,0.243
SNPS,,,,,,,,,,0.081,,,,,,,,,,1,,,-0.699,-1.728,-0.345,-0.258,,,,0.9,,,,-0.005,,,,,,,,0.104,,,-0.954,,0.08,-1.014,,,0.338,-0.643,,,,,,0.567,,,,-0.802,,,,,0.327,-0.302,0.795,,,,,,,-0.322
MHK,,,,,,,,,0.508,-1.87,,,,,,,,,,1,,,-0.699,0.988,0.124,0.767,,,,-1.037,,,,-0.48,,,,0.516,,,,0.718,,,-0.45,,1.026,1.618,,,0.76,-0.276,,,,,,-0.656,,,,0.133,,,,,0.105,-1.764,,,,,,,,2.052
LIN,,,,,,,,,,0.233,0.704,0.013,,,,,,,,1,,,0.042,0.192,-0.461,-0.086,,,,0.097,,,,-0.351,,,,,,,,0.824,,,-0.377,,-0.155,-0.464,,,-0.136,-0.542,,,,,,-0.887,,,,-0.582,,,,,-0.293,0.353,,,,,,,,-0.083
SBUX,,,,,,,,,,0.514,,,,,,,,,,1,,,0.72,0.598,-0.359,-0.128,,,,-0.139,,,,-0.096,,,,,,,,0.358,,,1.748,,0.769,0.206,,,0.168,-0.419,,,,,,-0.121,,,0.855,0.643,,,,,0.794,-0.067,,,,,,,,-0.705
MS,,,,,,,,,,-0.022,,,,,,,,,,1,,1.106,0.972,-0.776,-0.316,0.393,,,,0.664,,,,-0.12,,,,,,,,0.067,,,2.127,,-0.321,0.858,,,-0.12,0.68,,,,,,-0.675,,,,-0.428,,,,,0.16,0.329,,,,,,,,0.668
INTU,,,,,,,,,,0.846,,,,,,,,,,1,,,-0.318,-0.457,-0.428,-0.273,,,,1.419,,,,0.005,,,,,,,,-0.967,,,-0.567,,-0.155,-0.179,,,-0.064,-0.148,,,,,,0.242,,,,-0.384,,,,,-0.108,0.251,0.849,,,,,,,-0.316
MCHP,,,,,,,,,,-0.836,,,,,,,,,,1,,,0.945,0.755,0.236,-0.145,,,,-0.234,,,,0.197,,,,,,,,0.087,,,-0.023,,1.017,-0.337,,,0.674,-1.858,,,,,,-0.165,,,,0.281,,,0.96,,0.143,-0.856,,,,,,,,-0.074
CB,,,,,,,,,,0.115,,,,,,,,,,1,,,0.06,-0.741,-0.112,0.853,,,,-0.801,,,,-0.434,,,,,,1.04,,0.495,,,-0.422,0.033,-0.233,-0.165,,,0.17,-0.205,,,,,,-1.286,,,,-0.002,,,,,-1.056,-0.071,,,,,,,,1.053
JBL,,,,,,,,,,-3.128,,,,,,0.955,,,,1,,,-0.562,1.501,-0.144,0.725,,,,-0.139,,,,-0.092,,,,,,,,0.863,,,0.636,,1.155,-1.37,,,0.82,-0.19,,,,,,-0.233,,,,-0.757,,,,,1.066,-1.376,,,,,,,,0.041
RCL,,,,,,,,,,-0.07,,,,,,,,,,1,,,-0.322,0.707,1.744,0.197,,,,-0.612,,,,0.3,,,,,,,,-0.094,,1.368,1.269,,0.549,0.254,,,0.411,1.639,,,,,,-0.875,,,,-0.177,,,,,1.065,-0.408,,,,,,,,-0.274
ALL,,,,,,,,,,-0.773,,,,,,,,,,1,,,0.368,-0.497,0.253,0.851,,,,0.191,,,,0.193,,,,,,1.18,,1.248,,,-0.166,0.013,0.29,0.062,,,0.515,0.239,,,,,,0.028,,,,-0.058,,,,,-0.241,-0.568,,,,,,,,0.504
CPT,,,,,,,,,,-0.054,,,,,,,,,,1,,,1.245,0.98,-0.343,-0.203,,,,-1.084,,,,-1.165,,,,,,,,-0.078,,,-0.019,,0.895,1.309,,,0.821,-0.242,,,,,,-0.901,,1.05,,-0.574,,,,,-0.166,-1.468,,,,,,,,0.368
EQR,,,,,,,,,,-0.096,,,,,,,,,,1,,,1.41,0.291,-0.755,-0.074,,,,-0.659,,,,-1.219,,,,,,,,0.764,,,0.018,,-0.139,1.037,,,0.726,-0.244,,,,,,-0.999,,1.133,,-0.484,,,,,0.402,-0.976,,,,,,,,0.432
BWA,,,,,0.575,,,,,-2.391,,,,,,,,,,1,,,0.083,0.808,-0.225,1.725,,,,0.664,,,,-0.39,,,,,,,,-0.097,,,0.292,,1.002,0.192,,,0.736,-0.899,,,,,,-0.769,,,,-0.672,,,,,0.194,-1.822,,,,,,,,1.862
NVR,,,,,,,,,,-0.592,,,,,,,,,,1,,0.019,-0.699,-1.369,-0.152,0.321,,,,-0.139,,,,-0.351,,,0.682,,,,,0.37,,,-0.725,,0.322,0.006,,,0.731,-0.009,,,,,,0.439,,,,-0.325,,,,,-0.411,-0.988,,,,,,,,-0.131
IT,,,,,,,,,,0.009,,,,,,,,,,1,,,-0.699,-0.149,-0.108,-0.272,,,,0.853,,,,-0.111,,,,,,,0.64,0.82,,,0.933,,-0.107,-0.323,,,0.616,-0.064,,,,,,0.657,,,,-1.211,,,,,0.553,-0.743,,,,,,,,-0.494
DECK,,,,0.206,,,,,,-0.065,,,,,,,,,,1,,,-0.699,0.025,-0.032,-0.205,,,,1.655,,,,0.095,,,,,,,,-0.161,0.749,,-0.887,,1.262,-0.858,,,0.697,0.393,,,,,,1.605,,,,-0.143,,,,,-0.097,-0.908,,,,,,,,-0.376
REG,,,,,,,,,,0.465,,,,,,,,,,1,,,1.398,0.129,-0.466,0.078,,,,0.333,,,,-0.953,,,,,,,,0.333,,,0.048,,0.373,0.339,,,0.821,-0.109,,,,,,-1.07,,1.027,,-0.531,,,,,0.398,-1.445,,,,,,,,0.671
INCY,,,,,,,,0.873,,0.286,,,,,,,,,,1,,,-0.699,-0.575,0.813,0.36,,,,0.664,,,,1.517,,,,,,,,0.002,,,-1.042,,1.084,1.451,,,0.821,-0.046,,,,,,1.177,,,,0.587,,,,,0.085,-1.422,,,,,,,,0.051
SPG,,,,,,,,,,0.505,,,,,,,,,,1,,,1.981,0.568,-0.584,0.574,,,,-0.99,,,,-0.986,,,,,,,,0.373,,,1.623,,-0.262,0.374,,,0.463,0.269,,,,,,-0.458,,0.903,,-0.54,,,,,-0.198,-0.487,,,,,,,,-0.457
EMN,,,,,,,,,,-0.852,0.414,,,,,,,,,1,,,1.174,0.526,-0.483,0.8,,,,-0.801,,,,-0.299,,,,,,,,0.743,,,0.219,,0.79,0.777,,,0.814,-0.439,,,,,,-1.073,,,,-0.802,,,,,0.397,-1.548,,,0.451,,,0.121,,0.81
MAA,,,,,,,,,,-0.181,,,,,,,,,,1,,,1.436,0.297,-0.594,0.059,,,,-1.084,,,,-0.802,,,,,,,,0.262,,,0.001,,0.336,1.139,,,0.803,-0.225,,,,,,-1.052,,1.055,,-0.399,,,,,0.739,-1.237,,,,,,,,0.253
ALB,,,,,,,,,,0.332,0.755,,,,,,,,,1,,,0.167,-0.944,2.133,-1.665,,,,-0.234,,,,1.901,,,,,,,,-0.699,,,-0.006,,1.785,0.932,,,0.818,-1.495,,,,,,-1.854,,,,1.298,,,,,3.499,-1.509,,,0.764,,,,,1.089
ORLY,,,,,,,,,,-0.576,,,,,,,,,,1,,,-0.699,-0.209,-0.332,-0.11,,,,-0.659,,,,-0.188,,,,,,,,0.591,,,1.251,,0.488,-0.6,,,0.365,-0.106,,,,,,0.779,,,,-0.317,,,,,-0.027,-0.342,,0.645,,,,,,-0.602
GILD,,,,,,,,0.591,,0.319,,,,,,,,,,1,,,1.271,-0.164,-0.337,0.274,,,,1.655,,,,-0.063,,,,,,,,0.642,,,0.272,,0.199,0.015,,,0.152,0.096,,,,,,0.316,,,,0.297,,,,,-0.615,-0.046,,,,,,,,-0.124
COR,,,,,,,,,,-2.231,,,,,,,,,,1,,,-0.184,0.095,0.917,0.228,,,,0.853,,,,-0.09,,0.943,,,,,,0.456,,,0.805,,0.739,-0.646,,,0.562,-0.193,,,,,,-0.206,,,,-0.21,,,,,1.721,-0.647,,,,,,,,-0.178
BSX,,,,,,,,,,-1.032,,,,,,,,,,1,,,-0.699,-0.329,-0.184,-0.284,,,,-1.273,,,,-0.165,0.837,,,,,,,0.099,,,-0.417,,-0.131,0.153,,,0.082,0.359,,,,,,-0.153,,,,-0.252,,,,,-0.206,0.049,,,,,,,,-0.16
DHI,,,,,,,,,,-0.75,,,,,,,,,,1,,0.02,-0.138,-2.149,-0.087,0.914,,,,0.002,,,,-0.174,,,1.022,,,,,0.325,,,-0.762,,0.473,-0.492,,,0.525,-0.353,,,,,,-0.507,,,,0.603,,,,,0.812,-0.584,,,,,,,,0.8
STE,,,,,,,,,,-0.171,,,,,,,,,,1,,,-0.08,0.404,-0.356,-0.059,,,,1.419,,,,-0.429,0.768,,,,,,,-0.705,,,-0.536,,0.112,-0.045,,,0.784,-0.8,,,,,,-0.582,,,,-0.122,,,,,0.402,-1.151,,,,,,,,0.252
SW,,,,,,,,,,-0.439,,,,,,,,,1.188,1,,,0.673,0.079,0.232,0.099,,,,0.144,,,,-0.285,,,,,,,,0.69,,,0.215,,0.714,0.357,,,0.725,0.353,,,,,,-1.1,,,,0.701,,,,,0.797,-0.973,,,,,,,,1.172
AVB,,,,,,,,,,0.104,,,,,,,,,,1,,,1.038,0.32,-0.841,-0.107,,,,-0.092,,,,-0.84,,,,,,,,0.403,,,-0.043,,0.029,0.776,,,0.685,-0.041,,,,,,-1.114,,1.045,,-0.626,,,,,0.624,-0.881,,,,,,,,0.376
CPRT,,,,,,,,,,1.911,,,,,,,0.728,,,1,,,-0.699,-0.353,-0.43,-0.286,,,,0.238,,,,-0.084,,,,,,,,-0.383,,,-1.144,,-0.154,-0.573,,,0.458,-0.178,,,,,,-0.598,,,,-0.617,,,,,0.359,-0.478,,0.013,,,,,,-0.235
TSCO,,,,0.027,,,,,,0.273,,,,,,,,,,1,,,0.226,-0.074,-0.33,-0.039,,,,1.655,,0.071,,-0.285,,,,,,,,-0.153,,,0.845,,0.96,0.197,,,0.7,-0.379,,,,,,0.802,,,,-0.323,,,,,2.112,-0.914,,,,0.648,,,,-0.31
O,,,,,,,,,,0.703,,,,,,,,,,1,,,2.537,0.037,-0.404,0.205,,,,-1.509,,,,-0.177,,,,,,,,-2.442,,,0.215,,0.488,0.937,,,0.538,-0.653,,,,,,-0.778,,0.891,,0.133,,,,,1.309,-0.605,,,,,,,,1.437
ESS,,,,,,,,,,0.083,,,,,,,,,,1,,,1.18,0.143,-0.775,-0.08,,,,-1.509,,,,-1.287,,,,,,,,0.829,,,0.405,,0.157,0.956,,,0.799,-0.038,,,,,,-0.918,,1.137,,-0.743,,,,,-0.128,-1.217,,,,,,,,0.152
MCK,,,,,,,,,,-2.026,,,,,,,,,,1,,,-0.425,-0.14,0.736,0.168,,,,0.522,,,,0.003,,0.894,,,,,,0.89,,,0.84,,0.554,-1.009,,,0.349,0.235,,,,,,-0.218,,,,0.435,,,,,-0.295,-0.319,,,,,,,,-0.315
COF,,,,,,0.133,,,,-0.879,,,,,,,,,,1,,1.237,0.038,-0.171,-0.049,0.627,,,,0.097,,,,-0.168,,,,,,,,0.694,,,0.612,,0.416,0.895,,,0.384,0.609,,,,,,-1.766,,,,-0.306,,,,,0.823,-0.368,,,,,,,,1.667
DLTR,,,,,,,,,,0.255,,,,,,,,,,1,,,-0.699,1.203,-0.063,-0.185,,,,0.191,,1.073,,-0.582,,,,,,,,0.314,,,0.573,,1.708,-0.02,,,0.818,-2.691,,,,,,0.152,,,,2.019,,,,,0.041,-1.347,,,,,,,,1.048
LMT,0.889,,,,,,,,,-1.471,,,,,,,,,,1,,,0.784,0.051,-0.812,0.272,,,,0.475,,,,-0.687,,,,,,,,0.691,,,0.979,,0.151,0.081,,,0.125,-0.264,,,,,,-0.282,,,,0.326,,,,,-0.6,-0.01,,,,,,,,-0.333
LH,,,,,,,,,,-0.575,,,,,,,,,,1,,,0.007,0.187,-0.265,0.188,,,,0.853,,,,-0.569,,0.646,,,,,,0.82,,,0.13,,0.729,0.279,,,0.795,-0.234,,,,,,-0.907,,,,-0.319,,,,,0.182,-1.2,,,,,,,,0.592
DRI,,,,,,,,,,0.178,,,,,,,,,,1,,,1.233,0.336,-0.105,0.306,,,,-0.612,,,,-0.205,,,,,,,,0.467,,,1.329,,1.117,-0.05,,,0.794,-0.415,,,,,,-0.646,,,0.977,-0.493,,,,,0.978,-1.195,,,,,,,,-0.21
ACGL,,,,,,,,,,0.02,,,,,,,,,,1,,,-0.699,-0.593,0.354,1.38,,,,0.05,,,,0.004,,,,,,1.241,,0.198,,,-0.537,,-0.17,-1.241,,,0.656,-0.377,,,,,,-1.224,,,,-0.062,,,,,-0.03,-0.82,,,,,,,,1.019
MLM,,,,,,,,,,0.506,0.02,,,1.06,,,,,,1,,,-0.388,0.028,-0.493,0.064,,,,0.9,,,,-0.185,,,,,,,,-0.087,,,-0.378,,0.546,-0.245,,,0.663,-0.197,,,,,,-1.099,,,,-0.955,,,,,0.375,-0.833,,,,,,,,0.116
RMD,,,,,,,,,,-0.699,,,,,,,,,,1,,,-0.187,-0.112,-0.476,-0.073,,,,-0.234,,,,-0.261,1.055,,,,,,,-0.009,,,-0.863,,0.261,1.296,,,0.648,-0.157,,,,,,0.117,,,,0.475,,,,,2.563,-0.804,,,,,,,,-0.194
WAB,,,,,,,,,,0.239,,,0.684,,,,,,,1,,,-0.457,-0.183,-0.393,-0.033,,,,-0.281,,,,-0.219,,,,,,,,0.652,,,-0.492,,0.324,0.064,,,0.659,0.481,,,,,,-1.058,,,,-1.156,,,,,0.212,-0.825,,,,,,,,0.221
ERIE,,,,,,,,,,0.548,,,,,,,,,,1,,,0.011,-0.971,-0.534,-0.207,,,,-2.076,,,,-0.482,,,,,,0.861,,0.322,,,-1.007,,-2.087,-0.523,,,0.785,-0.353,,,,,,-0.447,,,,0.067,,,,,1.027,-1.156,,,,,,,,-0.326
IVZ,,,,,,,,,,-0.016,,,,,,,,,,1,,0.993,1.965,-0.461,-0.1,0.043,,,,0.616,,,,-0.674,,,,,,,,0.747,,,1.043,,0.698,1.06,,,0.761,-0.37,,,,,,-0.897,,,,-0.905,,,,,1.458,-1.762,,,,,,,,2.898
POOL,,,,,,,,,,-0.141,,,,,,,,,,1,0.442,,0.049,0.842,-0.175,-0.168,,,,0.853,,,,-0.085,,,,,,,,-0.499,,,-0.117,,0.745,0.412,,,0.821,-0.749,,,,,,0.575,,,,0.004,,,,,1.693,-1.408,,,,,,,,-0.27
EG,,,,,,,,,,-0.477,,,,,,,,,,1,,,0.559,-1.554,0.596,2.478,,,,0.097,,,,-0.374,,,,,,1.141,,-0.317,,,-0.365,,0.843,-0.727,,,0.818,-0.772,,,,,,-0.949,,,,-0.558,,,,,-0.224,-1.351,,,,,,,,2.111
DVA,,,,,,,,,,-0.581,,,,,,,,,,1,,,-0.699,0.697,-0.579,0.558,,,,0.664,,,,-0.021,,1.054,,,,,,1.336,,,1.986,,0.883,0.543,,,0.82,0.289,,,,,,-0.624,,,,0.174,,,,,1.655,-1.488,,,,,,,,-0.342
HSIC,,,,,,,,,,-1.107,,,,,,,,,,1,,,-0.699,-0.071,-0.553,0.275,,,,-0.045,,,,-0.54,,0.329,,,,,,0.118,,,-0.132,,1.25,0.736,,,0.786,-0.848,,,,,,-0.146,,,,0.1,,,,,1.587,-1.686,0.215,,,,,,,0.613
EL,,,,,,,,,,0.917,,,,,,,,,,1,,,0.422,0.814,0.05,-0.347,,,,-0.328,,,,0.118,,,,,,,,0.27,,,0.777,,1.263,1.323,,,0.707,-3.193,,,,,,0.694,1.054,,,1.655,,,,,-0.328,-0.931,,,,,,,,-0.05
WAT,,,,,,,,0.622,,0.043,,,,,,,,,,1,,,-0.699,-0.111,-0.772,-0.176,,,,1.325,,,,-0.486,,,,,,,,0.068,,,0.156,,0.498,0.868,,,0.767,-0.408,,,,,,0.185,,,,0.158,,,,,1.342,-1.091,,,,,,,,-0.391
NTAP,,,,,,,,,,-1.012,,,,,,1.02,,,,1,,,0.275,-0.311,-0.64,0.28,,,,0.711,,,,-0.516,,,,,,,,0.41,,,0.389,,0.825,0.087,,,0.754,-0.105,,,,,,0.816,,,,-0.843,,,,,0.826,-1.051,,,,,,,,-0.458
HIG,,,,,,,,,,-0.469,,,,,,,,,,1,,0.013,0.313,-0.492,-0.498,1.003,,,,0.98,,,,-0.259,,,,,,0.847,,0.638,,,-0.377,0.101,0.207,0.112,,,0.678,0.147,,,,,,-0.962,,,,-0.401,,,,,0.037,-0.866,,,,,,,,0.855
COST,,,,,,,,,,-0.516,,,,,,,,,,1,,,-0.42,0.08,-0.612,-0.416,,,,0.05,,0.874,,-0.319,,,,,,,,0.12,,,-0.449,,-0.101,-0.101,,,-0.421,0.247,,,,,,0.646,,,,-0.153,,,,,-0.125,0.823,,,,,,,,-0.349
ANSS,,,,,,,,,,1.117,,,,,,,,,,1,,,-0.699,-0.486,-0.76,-0.236,,,,1.655,,,,-0.353,,,,,,,,0.322,,,-0.9,,0.14,0.539,,,0.707,-0.538,,,,,,0.0,,,,-1.129,,,,,-0.448,-0.929,0.649,,,,,,,-0.074
FDS,,,,,,,,,,0.438,,,,,,,,,,1,,0.64,-0.194,0.115,-0.696,-0.11,,,,0.616,,,,-0.476,,,,,,,,-0.222,,,-0.143,,0.577,-0.04,,,0.804,-0.317,,,,,,0.161,,,,-0.685,,,,,1.08,-1.243,,,,,,,,-0.297
STLD,,,1.096,,,,,,,-0.385,,,,,,,,,,1,,,0.068,0.565,0.93,0.714,,,,0.616,,,,0.172,,,,,,,,0.244,,,-0.479,,0.641,-1.019,,,0.788,-0.106,,,,,,-0.384,,,,-0.357,,,,,0.488,-1.168,,,,,,,,0.674
DGX,,,,,,,,,,-0.437,,,,,,,,,,1,,,0.382,0.017,-0.399,0.297,,,,1.089,,,,-0.515,,0.725,,,,,,0.904,,,0.259,,0.817,0.374,,,0.808,-0.174,,,,,,-0.814,,,,-0.237,,,,,0.165,-1.268,,,,,,,,0.5
TTWO,,,,,,,,,,-0.169,,,,,,,,,,1,,,-0.699,0.404,0.329,-1.055,,,,0.05,,,,0.651,,,,,,,,-1.867,,,-0.22,,0.964,0.467,,,0.68,0.165,,,,,,-0.469,,,,-0.421,,,,,0.752,-0.87,0.523,,,,,,,-0.108
AMZN,,,,,,,,,,0.033,,,,,,,,,,1,0.799,,-0.699,0.683,0.038,-0.249,,,,-0.423,,,,0.41,,,,,,,0.112,-0.565,,,-0.302,,-0.676,0.249,,,-0.421,0.116,,,,,,0.611,,,,-0.268,,,,,-0.426,0.823,,,,,,,,-0.263
ARE,,,,,,,,,,0.128,,,,,,,,,,1,,,2.094,0.46,-0.11,0.677,,,,-0.423,,,,0.042,,,,,,,,-0.961,,,0.348,,0.102,1.402,,,0.805,-1.23,,,,,,-1.082,,1.126,,-0.406,,,,,0.259,-1.247,,,,,,,,1.963
RL,,,,,,,,,,-0.744,,,,,,,,,,1,,,0.143,0.463,0.143,0.232,,,,-0.659,,,,-0.198,,,,,,,,1.024,1.118,,0.041,,1.674,0.264,,,0.821,0.416,,,,,,1.108,,,,-0.462,,,,,0.364,-1.415,,,,,,,,-0.062
BXP,,,,,,,,,,-0.149,,,,,,,,,,1,,,2.05,0.507,-0.516,0.368,,,,0.664,,,,-1.095,,,,,,,,0.207,,,2.161,,0.452,1.59,,,0.82,-0.019,,,,,,-1.197,,1.1,,-0.531,,,,,0.987,-1.477,,,,,,,,0.588
IRM,,,,,,,,,,-0.22,,,,,,,,,,1,,,0.718,0.485,-0.442,-0.702,,,,0.522,,,,-0.462,,,,,,,,-0.028,,,1.821,,-0.159,-0.326,,,0.677,0.7,,,,,,-0.671,,0.805,,0.473,,,,,1.21,-0.863,,,,,,,,-0.579
YUM,,,,,,,,,,0.504,,,,,,,,,,1,,,0.47,-0.164,-0.639,0.022,,,,-0.612,,,,-0.367,,,,,,,,0.472,,,1.944,,0.684,0.181,,,0.625,-0.679,,,,,,1.354,,,0.709,-0.555,,,,,1.249,-0.759,,,,,,,,-1.069
CHRW,,,,,,,,,,-0.018,,,,,,,,,,1,,,0.657,0.334,-0.064,-0.047,,,,1.23,,,,-0.262,,,,,,,,0.662,,,0.135,,1.231,0.852,,,0.82,0.009,,,,,,0.721,,,,-0.056,,,,,0.064,-1.473,,,,,,,0.851,-0.014
FE,,,,,,,,,,-0.074,,,,,,,,,,1,,,1.721,0.417,-0.629,0.361,,0.935,,0.3,,,,-0.594,,,,,,,,0.185,,,1.304,,0.261,0.394,,,0.765,-0.455,,,,,,-0.84,,,,-0.466,,,,,1.068,-1.087,,,,,,,,0.875
MTD,,,,,,,,0.65,,0.086,,,,,,,,,,1,,,-0.699,0.667,-0.612,-0.163,,,,0.569,,,,-0.442,,,,,,,,0.445,,,1.269,,0.212,0.825,,,0.734,-1.319,,,,,,1.252,,,,-0.07,,,,,0.563,-0.996,,,,,,,,-0.581
PLD,,,,,,,,,,0.854,,,,,,,,,,1,,,1.269,0.039,-0.007,-0.084,,,,-0.092,,,,-0.78,,,,,,,,-1.386,,,-0.103,,-0.621,0.607,,,0.197,-0.95,,,,,,-0.993,,1.117,,-0.001,,,,,-0.307,-0.107,,,,,,,,0.705
URI,,,,,,,,,,1.034,,,,,,,,,,1,,,-0.252,1.904,-0.171,0.276,,,,0.947,,,,-0.276,,,,,,,,0.081,,,0.555,,0.466,-0.412,,,0.51,0.47,,,,,,-0.217,,,,-0.772,,,,,0.629,-0.561,,,,,,1.334,,-0.139
AEE,,,,,,,,,,-0.547,,,,,,,,,,1,,,1.023,0.428,-0.826,0.235,,0.084,,0.097,,,0.015,-0.598,,,,,,,,-0.082,,,0.878,,0.378,0.652,,,0.756,0.023,0.837,,,,,-0.865,,,,-0.121,,,,,0.231,-1.059,,,,,,,,0.718
VRSN,,,,,,,,,,0.21,,,,,,,,,,1,,,-0.699,0.262,-0.799,0.052,,,,-0.045,,,,-0.475,,,,,,,0.52,1.02,,,1.719,,0.572,0.201,,,0.798,-0.974,,,,,,2.284,,,,-0.357,,,,,-0.342,-1.212,,,,,,,,-0.832
PWR,,,,,,,,,,-0.084,,1.064,,,,,,,,1,,,-0.63,0.793,-0.338,-0.262,,,,0.475,,,,0.027,,,,,,,,-0.444,,,-0.215,,0.089,-0.483,,,0.551,0.528,,,,,,-0.727,,,,-0.635,,,,,1.149,-0.627,,,,,,,,-0.122
AMT,,,,,,,,,,0.401,,,,,,,,,,1,,,1.146,0.231,-0.644,0.013,,,,1.183,,,,0.347,,,,,,,,-0.275,,,1.518,,-0.059,0.839,,,0.252,-0.776,,,,,,-0.824,,1.162,,1.159,,,,,-0.057,-0.183,,,,,,,,-0.476
MAR,,,,,,,,,,0.103,,,,,,,,,,1,,,-0.178,-0.293,0.454,-0.09,,,,-0.706,,,,-0.108,,,,,,,,0.779,,1.071,1.345,,0.05,-0.147,,,0.324,0.173,,,,,,-0.239,,,,-0.956,,,,,0.253,-0.283,,,,,,,,-0.655
MCO,,,,,,,,,,1.037,,,,,,,,,,1,,0.731,-0.283,-0.126,-0.737,-0.279,,,,0.805,,,,-0.345,,,,,,,,-0.161,,,0.573,,-0.279,0.271,,,0.274,-0.081,,,,,,-0.08,,,,-0.605,,,,,0.428,-0.213,,,,,,,,-0.464
CTSH,,,,,,,,,,-0.824,,,,,,,,,,1,,,0.19,-0.454,-0.704,0.364,,,,-0.139,,,,-0.56,,,,,,,0.505,0.661,,,-0.895,,0.611,0.43,,,0.615,-0.327,,,,,,-0.129,,,,-0.943,,,,,-0.451,-0.74,,,,,,,,0.428
CSGP,,,,,,,,,,1.018,,,,,,,,,,1,,,-0.699,-0.421,-0.643,-0.422,,,,-0.848,,,,1.001,,,,,,,0.073,-0.625,,,-0.916,,-0.007,0.148,,,0.692,-1.105,,,,,,-0.43,,,,-0.086,0.517,,,,0.354,-0.895,,,,,,,,0.024
SRE,,,,,,,,,,0.47,,,,,,,,,,1,,,0.914,0.263,-0.436,0.275,,0.307,,-0.045,,,,-0.561,,,,,,,,-0.142,,,0.531,,0.022,0.453,,,0.481,0.1,0.635,,,,,-0.877,,,,-0.444,,,,,1.176,-0.515,,,,,,,,0.773
RSG,,,,,,,,,,-0.027,,,,,,,0.976,,,1,,,-0.071,0.497,-0.586,-0.14,,,,-0.281,,,,-0.312,,,,,,,,0.084,,,0.205,,-0.353,-0.204,,,0.409,-0.052,,,,,,-0.884,,,,-0.711,,,,,-0.08,-0.405,,,,,,,,-0.113
APTV,,,,,0.69,,,,,-1.787,,,,,,,,,,1,,,-0.699,0.481,0.07,1.914,,,,0.427,,,,0.024,,,,,,,,-0.196,,,0.601,,1.198,0.561,,,0.821,-2.366,,,,,,-0.897,,,,0.446,,,,,1.483,-1.433,,,,,,,,1.368
CCI,,,,,,,,,,0.69,,,,,,,,,,1,,,2.751,0.4,-0.677,0.317,,,,1.325,,,,-0.712,,,,,,,,0.564,,,1.814,,0.232,1.462,,,0.58,-0.799,,,,,,-0.805,,1.077,,0.589,,,,,0.563,-0.677,,,,,,,,-0.256
KHC,,,,,,,,,,-0.589,,,,,,,,,,1,,,2.207,-0.395,-0.47,0.632,,,,0.9,0.99,,,-0.765,,,,,,,,0.542,,,-0.064,,0.625,0.275,,,0.628,-1.156,,,,,,-1.389,,,,0.037,,,,,0.707,-0.765,,,,,,,,2.784
WDAY,,,,,,,,,,0.886,,,,,,,,,,1,,,-0.699,0.164,0.545,-0.241,,,,0.994,,,,0.411,,,,,,,,-0.517,,,-0.536,,0.844,0.183,,,0.372,-0.261,,,,,,0.185,,,,0.112,,,,,0.03,-0.351,1.072,,,,,,,-0.272
FANG,,,,,,,,,,-0.169,,,,,,,,,,1,,,0.833,0.979,1.477,0.763,,,,0.569,,,,-0.186,,,,,,,,-0.235,,,-0.408,,0.721,-1.224,,,0.547,-0.571,,,0.999,,,-0.549,,,,0.48,,,,,0.013,-0.621,,,,,,,,1.425
ABBV,,,,,,,,0.649,,0.474,,,,,,,,,,1,,,1.352,0.917,-0.404,0.174,,,,0.286,,,,-0.467,,,,,,,,-0.056,,,1.205,,-0.726,-0.261,,,-0.299,-0.57,,,,,,0.162,,,,0.95,,,,,0.272,0.602,,,,,,,,-0.51
NCLH,,,,,,,,,,-0.248,,,,,,,,,,1,,,-0.699,1.57,1.982,0.547,,,,0.144,,,,0.146,,,,,,,,-1.002,,1.424,2.241,,2.166,1.464,,,0.815,0.765,,,,,,-0.976,,,,-0.17,,,,,0.975,-1.543,,,,,,,,-0.189
ZTS,,,,,,,,,,0.838,,,,,,,,,,1,,,-0.104,-0.312,-0.662,-0.122,,,,1.655,,,,-0.402,,,,,,,,0.246,,,0.246,,0.074,0.393,,,0.326,-0.791,,,,0.668,,0.506,,,,0.268,,,,,1.047,-0.285,,,,,,,,-0.403
IQV,,,,,,,,0.561,,0.035,,,,,,,,,,1,,,-0.699,0.463,-0.187,0.193,,,,0.711,,,,-0.226,,,,,,,,0.466,,,0.804,,0.415,0.394,,,0.64,-1.383,,,,,,-0.93,,,,-0.597,,,,,0.419,-0.788,,,,,,,,-0.038
NWSA,,,,,,,,,,-1.193,,,,,,,,,,1,,,-0.305,0.341,0.337,-0.177,,,,-0.706,,,,-0.104,,,,,,,0.317,0.407,,,-0.31,,0.249,-0.064,0.368,,0.811,-0.063,,,,,,-0.475,,,,-1.163,,,,,-0.515,-1.289,,,,,,,,0.747
NWS,,,,,,,,,,-1.193,,,,,,,,,,1,,,-0.323,0.341,0.337,-0.177,,,,-0.706,,,,-0.115,,,,,,,0.347,0.407,,,-0.31,,-1.881,-0.094,0.404,,0.811,0.183,,,,,,-0.475,,,,-0.862,,,,,3.083,-1.289,,,,,,,,0.747
CDW,,,,,,,,,,-1.274,,,,,,0.723,,,,1,,,0.119,-0.304,-0.585,0.207,,,,-0.139,,,,-0.547,,,,,,,,0.288,,,0.998,,0.64,-0.726,,,0.761,-1.55,,,,,,0.078,,,,-0.696,,,,,-0.368,-1.073,,,,,,,,-0.19
ALLE,,,,,,,,,0.681,0.379,,,,,,,,,,1,,,0.116,-0.164,-0.692,0.203,,,,0.9,,,,-0.515,,,,,,,,0.137,,,0.418,,0.872,0.708,,,0.818,-0.295,,,,,,-0.03,,,,-0.825,,,,,0.212,-1.509,,,,,,,,-0.207
HLT,,,,,,,,,,0.413,,,,,,,,,,1,,,-0.561,0.106,0.678,-0.255,,,,-0.092,,,,-0.035,,,,,,,,0.48,,1.016,1.575,,0.428,-0.001,,,0.439,0.262,,,,,,-0.475,,,,-0.943,,,,,0.353,-0.451,,,,,,,,-0.724
PAYC,,,,,,,,,,2.294,,,,,,,1.055,,,1,,,-0.505,-1.2,-0.092,-0.05,,,,0.05,,,,-0.065,,,,,,,,-0.271,,,-0.776,,1.217,1.307,,,0.821,-0.322,,,,,,0.298,,,,-0.197,,,,,1.408,-1.44,,,,,,,,-0.288
ANET,,,,,,,,,,-0.017,,,,,1.295,,,,,1,,,-0.699,-0.256,0.151,-0.347,,,,0.38,,,,0.251,,,,,,,,-0.651,,,-1.096,,0.042,-0.885,,,0.087,0.495,,,,,,0.095,,,,-0.35,,,,,0.083,0.042,,,,,,,,-0.403
GDDY,,,,,,,,,,-0.333,,,,,,,,,,1,,,-0.699,0.009,0.529,0.079,,,,0.475,,,,0.129,,,,,,,0.771,1.014,,,1.214,,0.962,0.687,,,0.715,1.059,,,,,,0.227,,,,-0.334,,,,,0.475,-0.949,,,,,,,,-0.531
NI,,,,,,,,,,-0.07,,,,,,,,,,1,,,0.988,0.58,-0.47,0.179,,0.21,,1.041,,,0.361,-0.597,,,,,,,,-0.247,,,0.909,,0.962,0.624,,,0.811,0.329,0.367,,,,,-0.861,,,,-0.213,,,,,-0.112,-1.29,,,,,,,,0.725
PYPL,,,,,,,,,,0.134,,,,,,,,,,1,,0.863,-0.699,-0.717,-0.437,0.254,,,,-0.234,,,,-0.267,,,,,,,,0.317,,,-0.218,,1.064,2.297,,,0.274,0.173,,,,,,-1.065,,,,-0.065,,,,,0.028,-0.213,,,,,,,,0.048
SYF,,,,,,,,,,-0.59,,,,,,,,,,1,,1.362,0.155,-0.299,0.185,1.214,,,,0.711,,,,-0.535,,,,,,,,1.396,,,0.591,,0.86,1.207,,,0.741,1.006,,,,,,-1.363,,,,-0.361,,,,,0.642,-1.015,,,,,,,,1.001
CZR,,,,,,,,,,0.183,,,,,,,,,,1,,,-0.699,1.252,1.256,-0.509,,,,0.522,,,,1.592,,,,,,,,-1.987,,1.24,2.485,,1.581,0.843,,,0.746,-1.302,,,,,,-1.001,,,0.041,-0.606,,,,,1.411,-1.798,,,,,,,,1.05
CFG,,,,,,1.046,,,,-0.838,,,,,,,,,,1,,,1.39,-0.399,-0.316,0.611,,,,0.144,,,,0.13,,,,,,,,-0.13,,,0.476,,1.039,1.564,,,0.786,0.384,,,,,,-1.991,,,,-0.369,,,,,0.665,-1.159,,,,,,,,2.411
KEYS,,,,,,,,,,-0.945,,,,,,0.885,,,,1,,,-0.699,-0.162,-0.564,-0.043,,,,1.278,,,,-0.315,,,,,,,,0.181,,,-0.599,,0.39,0.575,,,0.711,-0.658,,,,,,0.213,,,,-1.138,,,,,0.068,-0.938,,,,,,,,-0.11
DAY,,,,,,,,,,2.428,,,,,,,0.992,,,1,,,-0.699,-0.391,0.625,-0.373,,,,0.711,,,,0.037,,,,,,,,-0.264,,,-0.317,,0.814,0.674,,,0.818,0.159,,,,,,-0.994,,,,-0.151,,,,,2.849,-1.505,,,,,,,,-0.039
HPE,,,,,,,,,,-1.987,,,,,,0.714,,,,1,,0.102,0.681,0.903,-0.2,0.871,,,,1.655,,,,-0.761,,,,,,,0.248,0.411,,,-0.212,,0.976,0.162,,,0.718,0.003,,,,,,-0.849,,,,-0.187,,,,,0.244,-0.957,,,,,,,,1.48
MTCH,,,,,,,,,,0.269,,,,,,,,,,1,,,-0.699,-0.55,0.357,0.608,,,,-1.367,,,,-0.14,,,,,,,0.743,-0.175,,,1.865,,1.757,2.219,,,0.761,-1.397,,,,,,0.827,,,,0.626,,,,,1.452,-1.762,,,,,,,,-0.545
FTV,,,,,,,,,,0.956,,,,,,,,,,1,,,-0.461,-0.046,-0.458,0.1,,,,0.853,,,,-0.757,0.246,,,,0.528,,,0.432,,,-0.508,,0.464,0.324,,,0.73,-0.778,,,,,,-0.545,,,,-1.24,,,,,-0.668,-0.988,,,,,,,,0.451
DELL,,,,,,,,,,-2.765,,,,,,0.828,,,,1,,,0.155,0.329,-0.304,0.45,,,,-0.234,,,,-0.269,,,,,,,,0.993,,,1.119,,1.579,-0.712,,,0.295,0.663,,,,,,-0.368,,,,0.432,,,,,1.257,-0.243,0.117,,,,,,,-0.494
LW,,,,,,,,,,-0.509,,,,,,,,,,1,,,0.397,-0.094,0.026,0.345,,,,0.427,0.855,,,-0.252,,,,,,,,-0.602,,,0.852,,1.549,-0.12,,,0.808,-0.714,,,,,,-0.502,,,,0.496,,,,,1.647,-1.589,,,,,,,,-0.062
VST,,,,,,,,,,-1.666,,,,,,,,,,1,,,-0.358,0.989,0.939,0.064,,,,-1.367,,,,0.302,,,,,,,,0.707,,,1.144,,1.521,-0.084,,,0.543,2.42,1.197,,,,,-0.74,,,,1.605,,,,,-0.021,-0.614,,,,,,,,-0.39
INVH,,,,,,,,,,0.106,,,,,,,,,,1,,,1.258,0.44,-0.377,-0.182,,,,-0.99,,,,-0.43,,,,,,,,-0.121,,,0.311,,0.234,0.492,,,0.789,-0.797,,,,,,-1.154,,1.069,,-0.71,,,,,-0.252,-1.174,,,,,,,,0.674
IR,,,,,,,,,,1.003,,,,,,,,,,1,,,-0.651,-0.146,-0.133,-0.206,,,,0.475,,,,-0.315,,,,,1.246,,,-1.224,,,-0.395,,0.172,-0.21,,,0.603,0.043,,,,,,-1.001,,,,-1.082,,,,,1.053,-0.718,,,,,,,,0.081
VICI,,,,,,,,,,0.491,,,,,,,,,,1,,,2.436,-0.768,-0.455,1.492,,,,-0.092,,,,-0.462,,,,,,,,-2.234,,,0.18,,0.201,0.267,,,0.675,-0.516,,,,,,-0.59,,0.818,,-0.335,,,,,0.697,-0.858,,,,,,,,1.444
CARR,,,,,,,,,0.798,-0.184,,,,,,0.105,,,,1,,,-0.1,-0.015,-0.566,-0.25,,,,0.9,,,,-0.276,,,,,,,,0.088,,,-0.049,,-0.491,-0.245,,,0.416,0.058,,,,,,-1.021,,,,-0.767,,,,,0.309,-0.415,,,,,,,,0.047
OTIS,,,,,,,,,,0.504,,,,,,,,,,1,,,0.211,-0.687,-0.826,0.001,,,,-0.045,,,,-0.534,,,,,0.767,,,0.714,,,1.598,,0.2,0.226,,,0.613,-0.43,,,,,,0.297,,,,-0.611,,,,,0.858,-0.736,,,,,,,,-0.843
PLTR,,,,,,,,,,0.388,,,,,,,,,,1,,,-0.699,-0.56,0.682,-0.659,,,,-1.793,,,,0.916,,,,,,,,-1.136,,,-1.034,,2.148,0.581,,,-0.01,2.373,,,,,,0.13,,,,1.566,,,,,0.064,0.176,1.131,,,,,,,-0.518
MRNA,,,,,,,,1.247,,0.444,,,,,,,,,,1,,,-0.699,-0.909,2.691,-2.356,,,,0.475,,,,0.404,,,,,,,,-1.689,,,-0.874,,1.124,1.177,,,0.817,-3.249,,,,,,-0.619,,,,2.888,,,,,1.882,-1.334,,,,,,,,1.214
FOXA,,,,,,,,,,-0.776,,,,,,,,,,1,,,-0.021,-0.569,-0.291,0.749,,,,0.097,,,,-0.656,,,,,,,0.218,1.026,,,0.035,,1.285,0.787,0.804,,0.788,0.482,,,,,,-0.669,,,,-0.28,,,,,1.347,-1.168,,,,,,,,0.951
FOX,,,,,,,,,,-0.776,,,,,,,,,,1,,,-0.003,-0.569,-0.291,0.749,,,,0.097,,,,-0.972,,,,,,,0.216,1.026,,,0.035,,-1.105,0.9,0.797,,0.788,0.545,,,,,,-0.669,,,,-0.204,,,,,0.134,-1.168,,,,,,,,0.951
DOW,,,,,,,,,,-0.992,0.96,,,,,,,,,1,,,2.809,1.395,0.593,0.412,,,,0.333,,,,0.373,,,,,,,,0.581,,,0.461,,0.679,0.133,,,0.708,-1.514,,,,,,-1.306,,,,-0.262,,,,,0.294,-0.933,,,,,,,,1.245
UBER,,,,,,,,,,0.728,,,,,,,,,,1,,,-0.699,-0.591,1.374,-0.117,,,,-0.187,,,,1.267,,,,,,,,0.337,,,-0.09,,0.639,-0.279,,,0.069,-0.344,,,,,,-0.436,,,,0.685,,1.12,,,-0.034,0.067,,,,,,,,-0.262
CRWD,,,,,,,,,,1.481,,,,,,,,,,1,,,-0.699,0.922,1.14,-0.594,,,,-1.131,,,,0.79,,,,,,,,-1.421,,,-0.601,,1.544,-0.202,,,0.294,0.508,,,,,,0.221,,,,-0.067,,,,,1.182,-0.24,1.442,,,,,,,-0.493
CTVA,,,,,,,,,,0.211,0.911,,,,,,,,,1,,,-0.04,0.146,0.048,0.043,,,,-0.423,,,,-0.051,,,,,,,,0.818,,,-0.757,,-0.124,0.287,,,0.605,-0.55,,,,,,-1.002,,,,0.083,,,,,0.897,-0.722,,,,,,,,1.037
ABNB,,,,,,,,,,1.882,,,,,,,,,,1,,,-0.699,-0.068,1.364,-0.233,,,,-1.273,,,,0.371,,,,,,,,0.221,,1.137,-0.597,,0.695,0.416,,,0.28,-0.783,,,,,,0.063,,,,-0.033,,,,,0.466,-0.222,,,,,,,,-0.318
CEG,,,,,,,,,,0.002,,,,,,,,,,1,,,-0.354,-1.305,0.096,-0.036,,0.963,,-0.942,,,,-0.323,,,,,,,,0.466,,,-0.215,,0.59,-1.037,,,0.368,0.469,,,0.034,,,-1.066,,,,1.096,,,,,-0.159,-0.346,,,,,,,,-0.102
GEHC,,,,,,,,,,-1.789,,,,,,,,,,1,,,-0.588,-0.189,0.051,0.253,,,,-0.234,,,,-0.638,0.763,,,,,,,0.11,,,0.314,,0.374,0.077,,,0.634,-0.624,,,,,,-0.482,,,,-0.241,,,,,0.255,-0.775,,,,,,,,0.075
KVUE,,,,,,,,,,0.0,,,,,,,,,,1,,,1.336,-0.378,0.104,0.055,,,,0.664,,,,-0.744,,,,,,,,0.37,,,-0.085,,0.844,0.247,,,0.581,-0.228,,,,0.125,,-0.227,0.883,,,0.524,,,,,1.537,-0.679,,,,,,,,0.1
VLTO,,,,,,,,,,0.0,,,,,,,0.748,,,1,,,-0.495,-0.287,-0.968,-0.127,,,,1.655,,,,-0.607,,,,,,,,0.157,,,0.28,,0.319,0.069,,,0.738,-0.328,,,,,,0.492,,,,-0.599,,,,,-0.186,-1.009,,,,,,,,-0.365
GEV,,,,,,,,,,0.0,,,,,,,,,,1,,,-0.699,0.754,0.656,-0.408,1.062,0.132,,-0.281,,,,1.293,,,,,,,,-0.795,,,-0.667,,0.559,0.0,,,0.268,2.025,,,,,,-1.312,,,,1.243,,,,,-0.103,-0.204,,,,,,,,-0.26
SOLV,,,,,,,,,,0.0,,,,,,,,,,1,,,-0.699,1.262,-0.858,0.613,,,,0.569,,,,-1.024,1.067,,,,,,,0.539,,,1.444,,0.339,0.0,,,0.817,-0.544,,,,,,-0.071,,,,0.867,,,,,1.396,-1.519,,,,,,,,0.204
